Latitude,Longitude,Accident Severity,Weather,Road Type,Hour
14.225428825627604,76.7455533951376,Serious,Rainy,Urban,15
21.857199120570378,87.55195243768262,Minor,Rainy,Urban,14
22.490791083113535,72.63447186733319,Serious,Rainy,Highway,1
22.652071965867993,88.02142249978421,Serious,Clear,Rural,19
18.831105833930014,73.0547758518045,Minor,Foggy,Highway,13
19.3403840595063,77.42447785078177,Serious,Clear,Highway,3
29.35624125320829,77.55024198191978,Minor,Foggy,Urban,3
14.251548739653447,75.69365843631883,Minor,Foggy,Highway,8
16.711380642974895,76.87795126283739,Minor,Clear,Rural,2
13.760168124396378,76.35446214198544,Minor,Clear,Rural,14
28.826358126630232,77.14576462000804,Minor,Rainy,Rural,2
12.525413069083752,77.41500063826703,Minor,Rainy,Highway,5
27.78835310297709,76.48090677128117,Minor,Foggy,Highway,13
28.487349544225687,77.13595280762252,Fatal,Clear,Rural,6
16.362028711676167,75.30331395753198,Fatal,Rainy,Urban,5
27.301032952075815,76.12348670258766,Minor,Rainy,Urban,16
13.56574377746027,80.05421386776878,Serious,Foggy,Urban,2
21.606859305256858,87.32095086015214,Minor,Foggy,Urban,23
23.056571689179176,86.4279105087024,Minor,Rainy,Urban,2
14.143962392864077,75.859440319316,Minor,Clear,Rural,17
29.828368519999138,76.96980662911196,Serious,Foggy,Rural,0
18.896154271960874,73.1922965742068,Serious,Rainy,Rural,21
11.241695137438509,76.82727229734981,Serious,Foggy,Urban,20
13.734322834799743,76.44669434048046,Fatal,Rainy,Urban,17
10.370172773787722,76.43272641458697,Minor,Clear,Urban,13
14.839408224280337,74.77832200479853,Serious,Clear,Highway,22
21.686555038043785,87.32221115584849,Serious,Foggy,Highway,14
27.358767309358086,76.1413278972909,Minor,Clear,Urban,14
13.009974154419787,78.28955328772956,Minor,Foggy,Rural,21
16.37134778560436,78.91018070043249,Fatal,Rainy,Highway,1
16.453925023341785,76.1634438041887,Serious,Clear,Highway,19
27.637627535786635,76.74340001777725,Minor,Rainy,Highway,15
26.037268128997297,77.24077721153627,Minor,Foggy,Highway,10
13.204152089081763,77.27467597361183,Minor,Foggy,Rural,20
22.826289002931013,87.29629864744633,Fatal,Foggy,Urban,0
23.96200072966963,77.73538932994306,Minor,Clear,Urban,3
16.87533575282122,77.16812714471021,Minor,Foggy,Urban,1
28.791944636788134,77.29103423212462,Serious,Clear,Highway,5
12.30637220444428,77.3603190501486,Fatal,Rainy,Highway,12
21.752399784030754,87.44718865010364,Serious,Clear,Highway,23
27.430599441049086,77.209324706618,Minor,Foggy,Highway,15
12.479388882220432,77.4399612788072,Minor,Foggy,Urban,20
19.897357309851298,77.39312934189441,Minor,Clear,Rural,4
20.330859989911534,76.61497355045088,Serious,Clear,Urban,18
19.234506222738254,73.31568443317387,Minor,Rainy,Urban,4
12.840605070263168,77.56316005366509,Serious,Rainy,Rural,6
17.23772264046948,78.18842884376731,Minor,Foggy,Urban,0
24.523033959511725,77.27695345896282,Fatal,Clear,Urban,16
14.919908331391825,79.51656683103103,Minor,Clear,Urban,18
19.92950590514969,73.26082610738342,Serious,Clear,Rural,3
22.77566473252663,87.49495950089477,Minor,Rainy,Highway,15
26.98054593267769,80.19980897756923,Minor,Foggy,Highway,14
22.939209795814854,72.56247747318018,Minor,Rainy,Highway,15
19.039553615425586,72.95845455841483,Minor,Rainy,Highway,22
26.999090215866726,75.85887088146437,Fatal,Rainy,Urban,11
21.868607264811544,72.68728504053966,Serious,Clear,Urban,12
19.7989750287391,75.13293151536253,Minor,Foggy,Highway,11
27.963407592687595,76.64412456622152,Minor,Rainy,Urban,14
23.20837238606194,85.82491764894962,Serious,Foggy,Rural,6
25.166935313201236,77.27926130170573,Minor,Foggy,Rural,7
12.376122600940061,77.38724119361416,Minor,Clear,Urban,9
17.405338738817527,74.5823198804051,Serious,Rainy,Rural,2
28.77266130611832,77.18831969071293,Serious,Rainy,Highway,1
13.04516464053626,77.54979063185375,Serious,Foggy,Highway,11
23.0802481927634,86.30062979870634,Fatal,Rainy,Rural,4
13.064876133310028,79.7258027457721,Minor,Foggy,Urban,12
13.750206774935263,77.05433679566613,Serious,Clear,Rural,8
15.621780021228247,74.09599890281825,Minor,Clear,Highway,18
28.119799387989875,76.96665638810337,Minor,Clear,Urban,16
17.895378196396088,73.77651924387725,Minor,Foggy,Highway,2
30.19473239716532,76.88206925074287,Serious,Foggy,Urban,0
17.446990517381337,78.48347561256517,Serious,Rainy,Rural,12
22.783806787964146,87.51286596558988,Serious,Rainy,Urban,1
20.496137252893934,77.15233986112818,Serious,Foggy,Rural,7
16.20595811483748,75.62325092415034,Minor,Foggy,Rural,23
29.808072487627378,77.80903871474061,Minor,Rainy,Urban,10
18.4825446959598,73.84902557786684,Minor,Clear,Highway,11
14.272229659999661,77.5285372286733,Serious,Clear,Highway,11
16.104618074486993,78.99789202944197,Fatal,Foggy,Rural,8
11.537723443409138,77.13128614862427,Minor,Rainy,Highway,19
16.121117693957864,75.33114104634734,Minor,Clear,Rural,9
15.785977301126648,74.56862079436999,Serious,Rainy,Urban,4
21.082704019256006,77.40633239384312,Fatal,Clear,Urban,16
22.913644400442013,86.9068310248729,Minor,Foggy,Urban,2
15.69741403049826,79.18103548562733,Minor,Foggy,Rural,1
28.05055407856928,76.7030825559743,Minor,Clear,Highway,14
22.309665737164792,88.08557079111283,Minor,Rainy,Urban,19
21.068507355462533,72.72383915255642,Minor,Rainy,Highway,9
16.374318643489296,78.9003682878349,Minor,Rainy,Rural,2
13.179395040196336,77.3158695059101,Minor,Clear,Rural,9
13.3216174747587,77.28135005207389,Serious,Rainy,Highway,11
30.462454951776095,76.81019517411757,Serious,Rainy,Highway,16
20.62451300819848,72.73161622534252,Serious,Clear,Highway,4
18.639159421579745,73.19076283481105,Minor,Foggy,Urban,15
14.565086811123255,75.24325864117279,Minor,Foggy,Urban,7
16.544847480847025,76.37962251421446,Minor,Clear,Rural,21
18.981893492332162,72.99071897070019,Minor,Clear,Rural,4
16.15809683481,77.51355073210937,Minor,Rainy,Highway,2
29.104313532583202,77.07630365728187,Minor,Rainy,Urban,23
28.078817737755283,76.78355877834758,Serious,Foggy,Highway,13
12.545666537165037,77.42730093754254,Minor,Foggy,Urban,20
15.021730697801694,76.20630711419214,Minor,Foggy,Rural,7
25.015442425578453,77.58605741366392,Fatal,Clear,Rural,18
18.151098271662196,73.58764081274255,Fatal,Foggy,Urban,12
11.057458633871255,76.75503766933433,Minor,Rainy,Rural,15
26.8508356403794,76.4400250625306,Serious,Rainy,Urban,14
20.020480903011467,72.81625561532798,Serious,Clear,Rural,7
19.933545435561037,75.40626749790266,Minor,Rainy,Highway,21
18.825930982726295,73.09364428052852,Minor,Foggy,Rural,0
18.762810456194824,73.39392116348331,Minor,Rainy,Rural,10
22.94560369860687,72.57477740680706,Minor,Rainy,Rural,14
20.890781423371504,86.46324027713912,Minor,Clear,Highway,4
22.817086975281672,87.41439606976313,Minor,Clear,Urban,12
27.130175296807565,76.51660445466203,Minor,Foggy,Urban,20
24.03333151439666,75.08923363925051,Minor,Clear,Rural,15
27.89483834686579,76.6147682382494,Minor,Foggy,Urban,9
22.733410259480944,88.0656192216356,Fatal,Clear,Highway,3
15.574467159192146,75.54126371396481,Minor,Foggy,Urban,13
13.070661871704175,80.02821125291244,Minor,Rainy,Rural,12
13.019109883195869,78.36701505184216,Serious,Rainy,Rural,21
15.749014021671538,75.46691042768069,Minor,Foggy,Urban,7
18.988636058909737,73.04096960547196,Minor,Clear,Urban,7
13.253687471224326,80.19774570534105,Serious,Rainy,Urban,10
11.37710827744373,77.0798156976111,Serious,Foggy,Rural,9
26.194386254302234,81.60976652574648,Fatal,Clear,Rural,1
26.17906088111544,81.65238604762551,Minor,Foggy,Highway,13
17.024338949606022,74.9027659490626,Serious,Foggy,Rural,23
22.107778497909532,74.22613183223524,Serious,Clear,Rural,21
21.542386852598135,72.67407825337835,Serious,Rainy,Urban,22
13.037753627287668,79.42654531091677,Minor,Rainy,Highway,6
24.450131574540684,84.87503197477534,Minor,Foggy,Highway,19
13.226911591367825,77.19547820838679,Minor,Rainy,Highway,11
22.597777840161278,88.227211095552,Minor,Foggy,Urban,8
19.25519475669245,72.8835364492762,Minor,Foggy,Highway,4
19.463076922793785,72.81894651552635,Minor,Rainy,Rural,1
30.138758977099844,77.9287609460716,Minor,Clear,Urban,18
28.237991584342453,77.89670150398501,Minor,Rainy,Urban,15
20.33591411192782,85.84827366346903,Fatal,Rainy,Highway,23
21.521776266140236,78.01347811256011,Minor,Rainy,Highway,11
18.834674409699055,73.2972315587546,Serious,Foggy,Rural,18
14.709617287181205,76.38903891647269,Minor,Rainy,Urban,11
14.768646177121767,74.94528244143125,Minor,Foggy,Highway,2
19.835381133145933,72.78432614552759,Minor,Rainy,Highway,14
22.542390746301052,74.46443747114655,Minor,Rainy,Rural,22
17.098400630585616,77.73277999473156,Serious,Clear,Highway,14
26.317781682491724,77.46955275047245,Minor,Clear,Rural,0
28.378321779354227,77.10299806045745,Minor,Foggy,Highway,23
14.898998904276212,76.26648870684286,Fatal,Clear,Urban,3
18.901167372923087,73.22798494380878,Minor,Rainy,Highway,18
18.921535571703345,73.21240457360867,Fatal,Foggy,Rural,0
23.706440746597583,77.78729364032554,Serious,Rainy,Urban,8
22.893152069751682,87.81936999516054,Fatal,Foggy,Highway,9
29.854448115642395,77.82769217026376,Minor,Foggy,Rural,9
20.689472096412707,72.74904089984163,Serious,Clear,Urban,9
11.04951505898638,76.74375199495633,Serious,Rainy,Urban,11
10.850717849982132,76.66538097693184,Serious,Clear,Rural,11
19.984363418133956,72.8018254379716,Serious,Foggy,Urban,7
21.808430871325452,77.37491642997121,Minor,Clear,Urban,22
15.837125426868168,74.74258728712952,Serious,Foggy,Urban,20
16.443627594277118,76.14518536421464,Serious,Foggy,Rural,13
20.3564066281202,72.794385803747,Serious,Rainy,Urban,11
13.022474383487681,78.88368522953212,Serious,Rainy,Urban,14
19.57701864869261,77.44270394511298,Fatal,Rainy,Urban,11
23.258232324035884,85.73521914625002,Fatal,Rainy,Urban,12
20.38680890239425,73.47596023028532,Minor,Foggy,Urban,18
18.089048685305887,74.1404861218591,Minor,Foggy,Highway,21
11.834727799580868,77.21503833451736,Minor,Foggy,Urban,5
20.49770636482292,86.06459660363669,Serious,Foggy,Highway,22
22.351194630277114,77.94057234986482,Fatal,Foggy,Urban,0
23.490684654246397,77.79940784541772,Minor,Rainy,Rural,5
19.69880895056706,78.21290973618213,Minor,Foggy,Urban,23
12.040449719969542,77.26411273253152,Minor,Foggy,Urban,2
24.283049821215112,85.25528883167689,Minor,Clear,Urban,15
13.02029953612869,79.31850677071729,Minor,Rainy,Rural,20
28.978427262534165,77.40651729523584,Minor,Foggy,Rural,3
22.276833479626056,88.04498300554923,Minor,Rainy,Rural,22
12.47716397414152,77.41438212343594,Minor,Rainy,Rural,17
21.87490385888236,77.3542372150531,Minor,Rainy,Highway,19
15.113256666745555,76.15834559007548,Minor,Clear,Urban,23
19.08106441675052,72.89214259507784,Serious,Clear,Highway,9
19.699060108547442,74.68652246682747,Minor,Clear,Urban,6
28.081667808367147,77.20775811216744,Serious,Rainy,Highway,2
17.372900253408634,74.61640752242786,Minor,Clear,Rural,23
23.160044208811748,87.25803661801956,Minor,Rainy,Rural,5
23.282177203157676,85.39648789886667,Fatal,Clear,Rural,3
21.02280324960363,77.39000489038698,Serious,Rainy,Highway,8
15.571640939752736,79.24162429485375,Minor,Foggy,Urban,9
27.66251793752861,76.75641410944347,Minor,Rainy,Highway,3
20.658227149122563,77.66591917036597,Serious,Rainy,Rural,8
14.096337809861485,79.87630890664748,Serious,Foggy,Urban,0
22.43123224703577,88.18695399375127,Minor,Foggy,Urban,0
12.482116969006567,77.39142005232819,Minor,Clear,Urban,10
23.113431399536296,86.30638817909959,Minor,Foggy,Urban,22
30.061335054852776,77.89072210565196,Serious,Rainy,Urban,0
22.14160439443718,87.87089928370996,Serious,Rainy,Highway,12
13.272310632203677,80.19387893782549,Minor,Foggy,Highway,12
22.870275392703398,72.61054387875664,Minor,Rainy,Highway,7
18.722694547670024,73.53653351984143,Minor,Foggy,Highway,19
27.4026722917329,76.66619264093494,Minor,Foggy,Urban,7
15.21609585922967,79.36918186964506,Minor,Foggy,Rural,17
27.80558079423416,76.5327860294319,Minor,Foggy,Highway,23
29.699389725967052,77.73654952845261,Fatal,Rainy,Rural,22
24.288284781217552,77.66851687006424,Serious,Rainy,Rural,10
26.63458907628298,76.2775647962977,Serious,Clear,Urban,18
22.84950633696037,72.56524296837054,Serious,Foggy,Rural,14
27.43358593432078,76.2471263502779,Minor,Foggy,Highway,16
13.786767579429286,77.00973712344137,Minor,Rainy,Urban,3
27.277305798267303,76.11147121160037,Minor,Clear,Highway,17
16.860245477582264,77.14206573834448,Serious,Clear,Highway,7
22.877159580518104,77.87378990735535,Minor,Rainy,Urban,1
18.51834027391719,73.82505439861883,Serious,Clear,Urban,9
12.651744935296968,77.46515130866274,Minor,Clear,Urban,10
12.4754006279287,77.39923599848126,Serious,Foggy,Highway,9
30.247694106330062,76.86211906522743,Minor,Foggy,Urban,8
14.231824154165487,75.72163423428368,Minor,Rainy,Urban,23
29.275725675586195,77.50754620477102,Serious,Rainy,Rural,21
16.72348628214158,74.69168485611327,Fatal,Rainy,Rural,10
28.685687482809104,77.16854614549143,Minor,Rainy,Rural,20
19.773757099151517,74.91928078314524,Minor,Clear,Rural,3
19.732197876238622,73.17986491619536,Minor,Rainy,Highway,21
26.888634401833983,75.79982072514338,Minor,Clear,Highway,0
24.42184865175203,84.89885572504836,Minor,Clear,Highway,7
18.706753040225138,73.46165923173352,Serious,Clear,Rural,20
28.60186788173097,77.18897326070832,Minor,Clear,Highway,20
13.015623204904708,78.43156613992988,Minor,Rainy,Urban,17
22.0944010702609,87.86667165977062,Minor,Foggy,Rural,2
18.784919367314558,73.32440168453358,Serious,Rainy,Rural,6
22.108816314774618,87.87185063299128,Serious,Rainy,Rural,1
12.997695474954071,78.9578911786015,Minor,Clear,Urban,3
20.48475765136583,78.15596443972336,Fatal,Rainy,Urban,22
10.99462008719366,76.71296922944045,Minor,Rainy,Highway,5
28.640555551252444,77.23928249773097,Serious,Foggy,Highway,4
27.585146399265387,77.28527736568195,Minor,Rainy,Rural,7
30.116883171809445,76.89047232147425,Minor,Rainy,Rural,15
28.69769069347337,77.22836449806333,Minor,Clear,Rural,17
12.899165190501696,77.56882878520989,Serious,Foggy,Highway,0
11.973674725503464,77.26591428589768,Serious,Foggy,Highway,17
17.273789079793694,78.19895370610188,Serious,Clear,Highway,8
29.939714906753604,76.94876136003604,Serious,Foggy,Highway,17
19.718022631572136,72.81319091065683,Serious,Rainy,Highway,13
11.366632835889533,76.8702203982997,Fatal,Rainy,Highway,9
29.78314983157315,76.9285517398199,Serious,Foggy,Highway,17
11.889467312305058,77.26504805950705,Serious,Foggy,Highway,0
12.039356118567476,77.16133088056792,Minor,Clear,Urban,21
28.358394354214443,77.01455006721905,Serious,Foggy,Highway,15
20.998588906684947,86.63470242544841,Minor,Rainy,Highway,20
18.714470587397944,73.52649298260177,Minor,Foggy,Urban,19
26.59804600850266,76.29343674822098,Minor,Rainy,Rural,11
17.089312499311244,74.84184736233372,Minor,Clear,Highway,6
22.48009617088006,88.26724159809358,Serious,Clear,Rural,21
13.03762001068728,79.33272559214818,Minor,Clear,Highway,1
28.127965989388308,76.7909073750624,Minor,Rainy,Highway,5
27.589226903735057,79.04063985411312,Serious,Clear,Rural,18
29.38908000219365,77.03552095787377,Minor,Foggy,Highway,19
19.986266487936966,73.28281726861483,Fatal,Foggy,Urban,21
18.627534201527336,73.65224056447956,Serious,Foggy,Highway,21
17.142122628197345,77.8475375306724,Serious,Foggy,Highway,8
26.885686518161037,76.42649007605537,Minor,Foggy,Highway,14
21.707169026914602,87.42830422917247,Minor,Clear,Rural,11
12.964975560233123,77.56023375441721,Minor,Rainy,Urban,19
21.144434407857798,78.05510096812685,Fatal,Foggy,Urban,3
10.527465881618514,76.53198526254748,Minor,Foggy,Urban,17
18.891280097919868,73.14804638845528,Minor,Clear,Rural,5
16.078879772587676,75.22033513935183,Serious,Clear,Rural,10
20.274511584362457,85.82397983403445,Minor,Rainy,Highway,4
29.509866338584963,77.00881354582367,Serious,Rainy,Highway,19
19.48697389442471,74.15859292813829,Minor,Foggy,Rural,14
20.092957283831122,72.8115089452681,Fatal,Clear,Rural,23
15.784371943017405,79.14042984659737,Minor,Clear,Urban,19
12.514715271564151,77.4113165695554,Minor,Rainy,Urban,12
22.51234750694263,74.40610073328827,Minor,Rainy,Rural,5
27.834845932335128,76.5449993053046,Minor,Foggy,Rural,1
25.3920013716166,77.55070807235751,Fatal,Clear,Highway,7
16.98325058828112,74.92399341232864,Serious,Foggy,Highway,12
16.87058729638308,78.7027539693204,Serious,Clear,Urban,20
12.650392407333824,77.45841174101749,Serious,Foggy,Urban,18
28.67339224285903,77.21238398767748,Serious,Rainy,Highway,8
28.79424597965888,77.29159414578567,Serious,Foggy,Highway,20
18.522970726424482,73.80086271873051,Minor,Foggy,Highway,12
22.912751152355497,87.07707121385165,Serious,Clear,Urban,7
29.474086008563336,77.60811454964553,Minor,Foggy,Urban,3
23.308992326929882,85.51102883822492,Minor,Rainy,Urban,12
23.564381419707487,86.5447144580128,Serious,Clear,Highway,19
22.919145016490795,86.93800008823753,Serious,Rainy,Urban,6
30.430444347654173,76.81860963067898,Minor,Clear,Rural,19
12.088866430271711,77.2040430048382,Minor,Foggy,Rural,7
27.09037385548491,77.26285367709977,Minor,Rainy,Rural,20
12.244875042024585,77.29506085111231,Fatal,Rainy,Urban,13
14.828910961274138,74.8531279055368,Minor,Clear,Rural,17
20.33001557926002,76.5932156541368,Minor,Foggy,Rural,10
25.921252135036752,77.5138140591622,Minor,Foggy,Urban,3
13.1004537638071,80.24710906784709,Minor,Rainy,Urban,15
16.730732522153858,75.04071444715605,Minor,Foggy,Urban,22
27.679572007203898,76.46114548116911,Minor,Clear,Urban,19
17.2343747916547,74.74463758180671,Minor,Rainy,Urban,21
28.959367702800005,77.36378737567327,Minor,Foggy,Highway,6
18.916194460249308,73.17796098978135,Serious,Foggy,Highway,16
26.423930419947492,81.2869169434734,Serious,Clear,Urban,3
27.408486927530323,76.1597669695126,Serious,Foggy,Highway,13
19.890706605873792,72.79886528163982,Minor,Clear,Urban,22
29.483525503810373,77.63693086148774,Fatal,Rainy,Rural,16
19.680236272523594,74.75933219298285,Minor,Clear,Urban,23
22.763300758192077,87.97639023074461,Minor,Clear,Urban,21
23.338040718969722,85.40432567272637,Minor,Clear,Urban,22
13.766758670201348,76.97706587444905,Minor,Rainy,Urban,16
15.06044674427199,75.98619866370959,Minor,Rainy,Highway,23
19.138775738576797,73.1238190316073,Minor,Rainy,Highway,4
13.161575936318187,77.28380981440611,Fatal,Clear,Urban,10
24.395762785321445,84.97091856901892,Serious,Rainy,Highway,4
29.507201395488153,77.63042657400645,Minor,Rainy,Highway,11
29.646822228764908,77.69645979764998,Minor,Foggy,Urban,4
22.734250899175173,77.33217474246116,Minor,Foggy,Rural,10
22.835312081250965,87.37721233331354,Minor,Clear,Rural,2
26.87707104813012,80.33637086859822,Minor,Foggy,Urban,18
20.72108792657855,77.78529637483713,Minor,Rainy,Rural,2
22.833107075875866,87.20251016663778,Minor,Foggy,Rural,4
17.159530873599778,78.0252446701478,Serious,Foggy,Highway,22
25.704382171304346,75.89275098082307,Minor,Clear,Urban,7
27.83574372471619,77.28508831397367,Minor,Rainy,Urban,18
13.539100068361556,77.20490864193339,Minor,Rainy,Urban,14
21.501329459662173,77.98012307419579,Minor,Rainy,Highway,0
26.355345700610716,76.17080022743053,Serious,Foggy,Rural,14
27.386408612301626,76.18815626775992,Serious,Rainy,Rural,12
15.878401331545302,74.74816173127734,Fatal,Foggy,Urban,12
13.024799334862756,79.04674950021688,Fatal,Foggy,Rural,16
11.80103623496595,77.0715287218687,Fatal,Foggy,Urban,0
25.538046412366604,77.57917956314454,Serious,Rainy,Rural,0
13.647043293410508,76.62276668554857,Minor,Rainy,Highway,17
16.552967373542515,76.47570844953479,Fatal,Foggy,Highway,2
13.03073820195134,78.70682280812855,Minor,Rainy,Rural,8
15.3296164925261,79.34818556335058,Serious,Foggy,Urban,16
21.258865870149783,86.92176288042988,Minor,Rainy,Highway,18
23.590397250350442,86.47438174362536,Fatal,Rainy,Urban,21
16.823311516596775,78.72116256516411,Minor,Rainy,Urban,7
17.988268645668708,78.42064514329626,Minor,Clear,Urban,21
19.520400164288418,78.21639798971047,Serious,Foggy,Urban,6
18.186914894154928,74.08352473271133,Minor,Clear,Rural,18
18.565441542869863,73.22904804319553,Minor,Foggy,Rural,18
17.435712102353467,74.57534103582846,Minor,Rainy,Highway,15
12.454198300887914,77.40168889827844,Minor,Rainy,Rural,14
26.372745906938064,77.46314185538523,Minor,Clear,Highway,5
15.422125126877017,79.29409112371005,Serious,Rainy,Rural,12
22.71402267126656,88.04132856073576,Fatal,Rainy,Rural,14
28.26870115986364,77.0718561907958,Minor,Clear,Urban,19
15.122426718557778,76.13416036251391,Serious,Clear,Urban,12
18.71027628276622,73.50747776587504,Minor,Foggy,Highway,16
23.274999784904495,85.54605460595828,Minor,Foggy,Highway,22
25.847835595003136,82.31603607247224,Serious,Rainy,Highway,16
14.236545296698889,75.7215242591104,Minor,Clear,Urban,12
15.889807538776134,74.80579715769142,Serious,Clear,Highway,2
24.362844708164186,85.00410209446603,Minor,Clear,Urban,11
29.19868784650919,77.05154669967511,Minor,Clear,Rural,7
12.724832104827714,77.49304612742351,Minor,Foggy,Rural,0
14.434946288890739,75.41772385370004,Serious,Clear,Urban,12
14.761882752517574,76.18190818244994,Minor,Clear,Urban,19
13.458095056080843,77.24248894112951,Minor,Rainy,Rural,11
27.430702741851572,79.42492290866501,Serious,Foggy,Rural,12
14.620011629172243,76.31305378400168,Minor,Rainy,Urban,10
17.137014684628017,74.34208892480461,Minor,Rainy,Rural,20
20.68246304483679,86.23809600927504,Minor,Clear,Rural,11
13.433233898621932,77.27025431611614,Serious,Rainy,Highway,17
29.892324489173994,77.83396840198343,Minor,Clear,Urban,10
14.0322516061361,76.02570914116126,Minor,Foggy,Highway,21
13.124028404400736,77.45170732091093,Fatal,Clear,Highway,0
18.981125089749188,73.00674866672925,Serious,Foggy,Urban,7
25.289461418914083,75.67968754630007,Minor,Foggy,Highway,19
13.008352161698655,78.00876986887197,Serious,Rainy,Rural,21
20.187588589394434,73.36984852155658,Minor,Foggy,Highway,3
24.666193595377017,77.64370185935687,Minor,Foggy,Rural,8
15.540393251003605,73.95356597068717,Fatal,Foggy,Urban,20
12.464833986393353,77.39165157359838,Minor,Rainy,Urban,16
15.338878126258932,75.99517690130841,Minor,Foggy,Highway,8
13.219265432823228,77.20406111021434,Serious,Foggy,Rural,10
19.7141318926774,74.85217667705437,Minor,Clear,Highway,22
27.509052423395335,76.28249318756907,Serious,Clear,Highway,15
25.69085955166789,82.59635455227136,Serious,Clear,Highway,2
27.050744129797167,75.88252325798767,Minor,Foggy,Highway,1
14.166933778180068,76.61802612236656,Serious,Clear,Urban,8
10.080801260117134,76.32944611713005,Minor,Foggy,Urban,7
28.0363322304453,77.2502260571925,Minor,Clear,Highway,1
18.994929126613997,73.0783194107625,Minor,Rainy,Highway,5
12.844423762789834,77.5748610471045,Serious,Foggy,Rural,19
13.051548714504742,79.18622358590582,Serious,Foggy,Rural,22
14.324715945469688,79.75871755917387,Minor,Clear,Urban,23
18.525786745193063,73.81954157421261,Minor,Clear,Highway,5
25.0920521637906,75.60800696781648,Minor,Rainy,Rural,7
22.177198196566483,77.94672209187154,Fatal,Rainy,Urban,19
20.593734735091928,86.15937517858947,Minor,Foggy,Urban,14
30.167492797538895,76.87476497918252,Minor,Rainy,Rural,10
23.183135965103666,85.81222141532258,Serious,Rainy,Urban,10
26.838356511671435,80.44478705823924,Fatal,Foggy,Rural,17
26.50461613824419,77.24297200811782,Minor,Foggy,Urban,5
25.48907993603305,77.56509565752935,Serious,Foggy,Urban,0
29.60726793310635,77.68867295625314,Serious,Foggy,Urban,19
30.682704741253477,76.75115266616271,Minor,Foggy,Urban,13
13.773681707176097,76.9816702902292,Minor,Foggy,Highway,22
10.120456241073962,76.34622726905498,Minor,Rainy,Highway,2
22.315636994134632,74.34578328851235,Fatal,Foggy,Urban,4
13.36842858782236,80.1388226517967,Serious,Rainy,Rural,1
15.958612714651201,79.10366355512777,Minor,Rainy,Highway,13
16.690539961420367,74.68075304849567,Minor,Rainy,Urban,7
28.331220007991867,76.96629394769103,Minor,Rainy,Highway,9
19.875662283262628,75.23838564228082,Fatal,Clear,Urban,0
21.133648953624537,86.72218014388324,Minor,Clear,Urban,8
17.884018521662533,78.40047713691857,Serious,Foggy,Rural,3
23.193213458732423,87.25304477779966,Minor,Foggy,Rural,22
30.079768911719277,76.903278770255,Minor,Rainy,Urban,11
22.577480180657236,72.61351990015508,Serious,Foggy,Highway,15
20.46358886355549,86.00615607388816,Serious,Clear,Urban,2
27.327610259341505,76.63658348137623,Minor,Foggy,Rural,13
20.091245491139176,78.1979086048161,Minor,Rainy,Urban,5
22.996319538819627,86.5457542857305,Minor,Rainy,Rural,8
12.197560197248368,77.32370669354847,Minor,Rainy,Rural,14
22.842347421662122,87.92934067391555,Minor,Rainy,Highway,23
21.10111428971543,86.72893261704763,Minor,Foggy,Urban,4
19.872165690659813,72.80325736945133,Serious,Clear,Urban,1
12.41238653995473,77.42804327282484,Serious,Rainy,Urban,3
19.81779029647405,75.18710127750022,Fatal,Clear,Rural,20
26.057334088041195,81.91673171550345,Minor,Rainy,Urban,17
19.600145597747524,78.20200782780248,Serious,Rainy,Urban,3
22.63334846834335,88.13826405900168,Minor,Rainy,Urban,3
11.638450484464414,77.03408576681245,Minor,Rainy,Highway,6
13.575315048359068,76.7162435848165,Serious,Foggy,Highway,17
14.847879185485526,76.14382818534244,Minor,Foggy,Urban,0
21.114904356864102,79.01226103414989,Serious,Foggy,Urban,15
10.566447893982941,76.56813477578963,Minor,Rainy,Rural,23
15.67471847211509,79.17175881175461,Minor,Rainy,Urban,2
21.022703962810247,86.57712388559423,Minor,Clear,Urban,19
29.575816157107667,76.97972596874536,Minor,Foggy,Highway,23
29.868797020621827,76.92695239597387,Fatal,Foggy,Urban,16
13.813692445997951,76.32402881354696,Minor,Rainy,Highway,15
13.018921304633642,78.49970687581792,Minor,Rainy,Highway,6
14.494029049273168,79.66709987217756,Fatal,Clear,Urban,8
25.67874146651017,82.59590204396402,Serious,Foggy,Rural,4
22.939132851256918,74.60474918962554,Minor,Rainy,Highway,6
12.747201333449802,77.49232297408544,Minor,Foggy,Urban,7
18.879647386267962,73.05377937284453,Serious,Rainy,Highway,5
13.478986297118794,76.7957455502829,Minor,Rainy,Rural,22
16.526251248375694,76.3353390008048,Minor,Clear,Highway,23
24.400137342878903,77.67264458845139,Serious,Rainy,Urban,11
30.018354980683313,76.93274398891639,Minor,Rainy,Urban,3
15.140970832061276,75.93050749315988,Minor,Clear,Urban,2
19.69261839895343,72.83252136343629,Minor,Foggy,Urban,1
27.075010873867722,77.39439802089464,Minor,Clear,Urban,23
14.854337789897395,76.36417270313105,Minor,Clear,Urban,23
20.369990254209135,85.94992853576544,Minor,Rainy,Rural,5
10.866322774791657,76.65448595667392,Minor,Clear,Rural,8
19.365697273104725,78.25851468161426,Minor,Rainy,Rural,8
23.056675422618692,86.40171534319285,Serious,Clear,Rural,18
23.031438032702255,86.43519459472449,Minor,Rainy,Urban,23
16.55485169134683,78.7928535246039,Minor,Rainy,Rural,8
22.353347813536995,77.34079380085656,Minor,Rainy,Rural,20
22.815784963920745,87.28296354508296,Minor,Clear,Urban,1
15.917554261832082,74.93281222980532,Minor,Rainy,Highway,6
18.30927764365182,73.97160287505328,Fatal,Clear,Rural,5
20.077704758128615,75.93315148480863,Serious,Rainy,Rural,1
15.900247168180787,74.81930015318315,Minor,Foggy,Highway,8
29.01243578717644,77.12159516643176,Minor,Foggy,Highway,8
18.823929695481745,73.32568204252513,Minor,Rainy,Urban,3
19.89597019392214,75.27380671799393,Serious,Rainy,Highway,16
17.136992796782113,77.83305604749965,Minor,Foggy,Rural,4
19.829814984372852,72.83750757801153,Serious,Clear,Highway,6
25.72245102526042,77.52827675461195,Fatal,Rainy,Highway,4
28.885453372222656,77.139352292899,Minor,Rainy,Urban,3
23.151435004909803,86.1601112527795,Fatal,Rainy,Urban,21
15.639757991370415,79.23643057620676,Minor,Clear,Highway,17
18.974030460810464,73.097708401321,Minor,Rainy,Urban,15
10.746844847448093,76.62709568717436,Minor,Foggy,Rural,0
22.128371311332952,87.83125550259008,Minor,Foggy,Urban,1
18.564916165386165,73.75768335580756,Minor,Rainy,Highway,23
22.605334595308197,88.2425778875455,Minor,Clear,Urban,14
27.54137997840635,77.32298717703925,Fatal,Clear,Highway,12
13.621698776944543,76.6410356073289,Serious,Rainy,Rural,15
21.023087493899812,78.75922400011896,Serious,Clear,Urban,14
18.859244546573155,78.3000711156461,Minor,Rainy,Highway,1
28.119137071445426,76.80537341626054,Serious,Clear,Rural,1
13.042987719905971,79.36625049409156,Minor,Rainy,Highway,4
18.62189855289682,73.2448860354544,Fatal,Rainy,Rural,10
14.506186146491931,75.35445057405711,Minor,Rainy,Highway,10
22.66906693648657,88.02851477016831,Minor,Clear,Rural,18
23.539454188489724,77.78135921462376,Minor,Rainy,Rural,5
21.457846155773634,77.35359178677602,Minor,Foggy,Rural,20
23.68549311190986,77.73281366312239,Serious,Foggy,Rural,21
26.070916859386273,77.26227616044984,Serious,Rainy,Highway,4
15.86600478029138,74.81185838014761,Serious,Foggy,Urban,22
26.95323832970195,77.25763256827798,Minor,Foggy,Urban,2
29.363734196735486,77.58885276151456,Minor,Foggy,Urban,23
13.200289388069999,77.29694464632003,Serious,Clear,Urban,21
29.459527769974475,77.03259666690973,Minor,Foggy,Urban,9
18.788373308783584,73.40999047655116,Minor,Foggy,Highway,18
20.232759119626444,72.80590449823535,Serious,Clear,Rural,7
18.224561180960148,74.03431774156324,Minor,Clear,Highway,6
30.10121781726167,77.94560709878995,Minor,Clear,Highway,4
22.078169057580613,77.94944975711189,Minor,Foggy,Rural,12
17.685638322290238,77.47566363276155,Minor,Clear,Urban,5
17.975816825620512,78.40829245674178,Minor,Foggy,Highway,6
29.876213819033744,76.95640670331997,Serious,Rainy,Urban,1
10.568809024036433,76.5181922286897,Serious,Clear,Urban,0
11.461964702553168,77.12750928185125,Fatal,Rainy,Highway,10
22.69519612026148,87.74169524904855,Serious,Clear,Urban,1
16.771376931801903,76.90338897489171,Serious,Clear,Rural,2
13.03099637347,78.61023304388976,Fatal,Rainy,Highway,3
10.617079838383733,76.5591164649598,Serious,Foggy,Urban,9
21.837124760967935,87.5803023700185,Minor,Clear,Rural,8
20.74946217530042,86.35469699364408,Minor,Clear,Urban,2
21.693086472731878,72.65790345616608,Minor,Foggy,Rural,23
27.216666004855043,79.71792735725501,Minor,Foggy,Rural,6
16.76284557728743,75.01277921648658,Minor,Rainy,Urban,14
15.571147592171558,75.54630102948425,Minor,Foggy,Highway,1
21.435383228084024,87.11063756298196,Serious,Clear,Urban,14
16.16793442238829,75.09806492232325,Fatal,Clear,Highway,10
30.259438675296565,76.87086756283493,Fatal,Foggy,Urban,15
15.301621099275634,76.01653565843108,Minor,Foggy,Rural,17
22.388565413921235,74.36711678901557,Serious,Foggy,Urban,19
18.513638769068148,73.81819646544015,Fatal,Foggy,Rural,19
12.520704895756923,77.4664305602742,Minor,Rainy,Rural,13
23.530466982981608,86.57137040678523,Serious,Clear,Highway,21
24.027222048769126,75.12152950928382,Serious,Clear,Rural,11
16.804686631557036,74.66665528383227,Serious,Rainy,Highway,4
18.83615300266912,73.28194145984035,Minor,Rainy,Highway,5
21.772055270680983,74.09201671404718,Serious,Clear,Highway,11
15.884303178358982,74.74094483328984,Minor,Clear,Rural,4
22.92147759507461,87.02987020242776,Minor,Clear,Rural,2
26.73603829771823,80.69237984538229,Serious,Rainy,Urban,10
13.794526291026452,76.3559326931753,Minor,Clear,Highway,15
19.35108891905379,72.83731868278036,Minor,Rainy,Rural,16
18.888920486065768,73.22580446049317,Serious,Rainy,Highway,22
18.68014954751609,73.53795802327426,Serious,Rainy,Highway,23
20.263145748836987,78.15836712842545,Fatal,Clear,Highway,8
14.163425322288235,76.63694960259168,Minor,Foggy,Urban,12
11.157239520516235,77.01396594891843,Fatal,Rainy,Rural,16
11.921584735900428,77.12489787108822,Serious,Rainy,Highway,21
24.027374162714747,75.11054657299421,Minor,Clear,Urban,21
29.622729761832506,77.67377197265013,Minor,Clear,Highway,8
13.290397841913874,77.58444282338517,Minor,Foggy,Rural,22
24.866023081515493,77.28304280257842,Serious,Clear,Rural,13
28.616696049496458,77.19401838596802,Serious,Foggy,Highway,13
13.063462616059308,79.80733320237069,Minor,Foggy,Rural,10
13.466789521595157,76.84331266724098,Minor,Rainy,Rural,14
15.908361089770299,79.10025020413717,Serious,Clear,Urban,20
12.214435160952686,77.32598554342763,Minor,Clear,Highway,10
29.980943233218348,76.92304975361375,Minor,Rainy,Urban,4
27.44205731241371,79.41862371640987,Serious,Rainy,Highway,1
13.004144449599796,78.06687510666654,Minor,Clear,Rural,9
11.133966272689102,76.77876223222708,Minor,Clear,Urban,18
19.150692211874837,77.44524355930051,Minor,Clear,Urban,18
22.352185912649755,88.10643719748053,Serious,Rainy,Highway,7
23.421742079682762,74.8247985052833,Minor,Foggy,Rural,17
18.61030252642865,73.65960122933794,Minor,Foggy,Highway,0
12.960997270190717,77.8260037741523,Minor,Foggy,Highway,4
21.158051848450537,86.76298963159982,Minor,Clear,Highway,21
20.587209335185822,72.74235775451977,Minor,Clear,Rural,11
11.847276853350747,77.22314547453915,Minor,Rainy,Highway,11
22.670878293496834,87.87146061577774,Minor,Foggy,Rural,15
14.301050485093173,76.59875180526882,Minor,Clear,Rural,17
16.085401848704183,75.31802655647606,Fatal,Foggy,Rural,15
27.7638202201642,76.50093267787398,Minor,Foggy,Rural,0
15.446792254367857,79.30188376962593,Serious,Rainy,Rural,16
17.783917558199015,73.84689071114938,Serious,Rainy,Urban,6
21.932462071860417,74.16074766728165,Serious,Foggy,Urban,18
29.636625913848835,77.72467826829818,Serious,Rainy,Rural,11
22.195904385007353,77.37378699458945,Serious,Clear,Rural,20
29.65183219126706,76.9877745229937,Serious,Rainy,Urban,13
28.53638449773694,77.36497563513365,Minor,Foggy,Highway,5
18.73408474308099,73.45063662926127,Serious,Rainy,Rural,0
13.220679546281188,77.4399289972021,Minor,Foggy,Rural,15
16.104584672194253,75.37289549471227,Fatal,Rainy,Highway,2
30.204436113293372,76.88208555121503,Serious,Foggy,Urban,19
13.789326456442389,77.00344536737117,Serious,Foggy,Highway,23
11.57555031611402,77.16461812930244,Minor,Rainy,Urban,0
30.61174713488891,76.78771631757999,Minor,Foggy,Highway,6
20.96667356503558,86.55511798026198,Minor,Foggy,Highway,14
12.791497575849254,77.53983136646417,Serious,Foggy,Highway,19
12.410906210842597,77.42885719773587,Minor,Rainy,Rural,8
26.03102559452181,77.49482003724147,Minor,Foggy,Rural,5
28.116314838135064,78.10084799592983,Minor,Clear,Rural,4
30.205020695915543,76.86950134441591,Minor,Foggy,Highway,12
11.9916906574433,77.16169035183886,Serious,Foggy,Urban,3
14.34081419457754,75.54207646166773,Minor,Clear,Highway,5
22.58424334760651,88.24596920834773,Fatal,Clear,Highway,21
20.32980247462343,85.86678524746034,Minor,Clear,Urban,6
25.822538437001594,77.51662419751358,Minor,Foggy,Highway,16
16.126207150604124,75.45124794574693,Serious,Rainy,Urban,18
18.66797351982249,73.56422964458933,Serious,Foggy,Urban,11
18.925679652826105,73.14619268134372,Minor,Foggy,Highway,5
13.612661692712773,80.01559020346542,Minor,Rainy,Highway,6
15.960048444677591,74.98448585804938,Minor,Foggy,Urban,1
27.600589296405747,76.35113730641467,Serious,Clear,Rural,12
15.347809885565752,79.32285268316213,Minor,Clear,Highway,14
29.22209889002766,77.05385202262143,Minor,Rainy,Highway,14
20.969832847281754,78.46833490258392,Minor,Rainy,Highway,12
15.793593606439039,74.54360777493726,Serious,Foggy,Urban,21
30.141771259962212,76.87719968060387,Minor,Rainy,Urban,22
26.435418724941695,77.2668872925678,Minor,Rainy,Urban,5
29.910593782412825,77.82085759601276,Serious,Foggy,Highway,23
26.265378354176924,76.15191457672948,Serious,Clear,Rural,12
21.710011786868456,87.39612416106999,Minor,Rainy,Rural,1
24.5253904594661,84.76877423823576,Serious,Rainy,Urban,1
19.734040122834305,74.91432671747152,Serious,Clear,Rural,2
17.507663945458063,74.53574270621677,Minor,Clear,Highway,0
10.110631946447306,76.3632094959368,Minor,Foggy,Highway,4
14.052807885324622,76.74588792529116,Minor,Rainy,Urban,9
18.525504618008142,78.3391470570863,Fatal,Rainy,Urban,1
12.793327240784139,77.49546475652208,Minor,Rainy,Highway,16
28.180309934008175,77.02990302648837,Serious,Foggy,Rural,13
14.217884362659888,79.82845207555764,Minor,Foggy,Highway,7
24.870767037442835,75.51702320465245,Minor,Foggy,Rural,3
16.439499299374535,75.22303034169218,Minor,Clear,Rural,0
13.65256224152759,77.13233887990224,Minor,Clear,Urban,19
14.274161013106657,79.77495888108292,Minor,Foggy,Urban,17
29.23588114527806,77.0491374072174,Serious,Foggy,Rural,15
16.627555199046032,76.56039609510718,Serious,Clear,Highway,11
16.60138327386573,74.78768416054588,Minor,Foggy,Highway,18
14.218262608098595,79.77668851647509,Serious,Rainy,Highway,1
15.274389965673809,79.38859626874398,Minor,Rainy,Rural,3
20.716709077948693,77.77021336085683,Serious,Clear,Rural,6
13.073916481869915,80.23312556200716,Serious,Rainy,Rural,0
12.999725115923313,78.59658252526829,Minor,Clear,Rural,21
27.776663981755263,76.5161494970766,Minor,Clear,Highway,22
27.477262272279226,79.32885405756721,Serious,Rainy,Highway,5
12.999312098288222,77.82635612493301,Minor,Clear,Rural,18
25.833202432080427,82.39709749567423,Serious,Foggy,Urban,6
24.524197446207307,77.68461805604242,Serious,Clear,Rural,16
25.55737532338601,75.7996566680661,Serious,Rainy,Rural,1
19.1566820003056,73.09909747959477,Minor,Foggy,Highway,14
28.56137176768405,77.29479025058527,Serious,Foggy,Urban,17
12.997067613074671,78.06341548197801,Minor,Rainy,Rural,21
24.541174001256305,77.64533658613243,Minor,Rainy,Highway,6
25.805736260162952,77.53131151635895,Serious,Clear,Urban,18
23.3706823958641,77.81130467465175,Fatal,Foggy,Highway,8
28.96442599467937,77.357115174321,Minor,Foggy,Highway,22
11.44611157810702,77.08323507860686,Minor,Foggy,Highway,6
19.947734832127896,72.78744303853533,Minor,Rainy,Rural,18
18.767507849461428,73.40731715247837,Minor,Clear,Rural,17
10.060767288063051,76.27910547904796,Fatal,Foggy,Highway,17
23.85414621997997,77.29849251644379,Minor,Rainy,Rural,15
28.5334508835089,77.13507713024717,Minor,Rainy,Urban,23
21.08160659412425,86.68189224313427,Serious,Foggy,Rural,15
22.689233430654664,87.76965092061975,Minor,Clear,Highway,6
30.586155239694612,76.8156675090288,Serious,Rainy,Rural,4
28.175185063353506,76.85570602340908,Minor,Clear,Highway,15
23.333417562890443,86.88278675922761,Serious,Foggy,Urban,9
14.305544394039341,76.69078894516119,Minor,Clear,Rural,22
13.016465217682159,79.26208420080644,Minor,Foggy,Rural,16
11.785538611409159,77.21740486546992,Minor,Rainy,Highway,4
13.022548099825254,79.15884317700822,Minor,Foggy,Highway,10
25.889115602285134,82.23297504845836,Fatal,Rainy,Urban,4
20.91055220500736,78.41163173840546,Serious,Rainy,Highway,0
22.34562969454901,88.11657917295229,Minor,Rainy,Highway,12
25.500617455399844,77.53563364685195,Minor,Rainy,Rural,9
18.767521175514158,73.44745424200063,Fatal,Rainy,Highway,9
30.274169000142813,76.84127723248625,Fatal,Foggy,Rural,14
29.450593675766033,77.0214829038753,Minor,Clear,Urban,7
28.83715329050065,77.17276508664186,Minor,Rainy,Rural,1
18.3353457766794,78.37574203479576,Minor,Rainy,Urban,10
28.835086520494052,77.14974842493932,Minor,Rainy,Rural,9
27.74414895676945,78.7421239356194,Minor,Clear,Rural,10
13.064380277188903,79.56796408445544,Serious,Foggy,Highway,18
12.67289192109118,77.45917014158567,Serious,Foggy,Urban,20
29.537354470961173,77.65039002953863,Minor,Clear,Urban,11
12.611698215899294,77.50719190852966,Minor,Foggy,Highway,7
16.3782520966255,78.88524846014255,Minor,Foggy,Urban,22
19.463989245723806,74.02555615739752,Minor,Foggy,Urban,12
23.02011640765885,86.54917683011867,Serious,Rainy,Highway,8
11.660579862611707,77.1979186713437,Fatal,Foggy,Urban,3
27.268927019477747,76.58875660130717,Fatal,Clear,Rural,1
21.01412255539452,78.72803854361652,Minor,Clear,Urban,9
15.152296988130741,77.52437406052252,Serious,Clear,Rural,6
14.83292855411053,76.11172499092984,Minor,Clear,Urban,20
16.250666754729334,75.66809052254835,Serious,Foggy,Urban,2
25.905832688769415,75.96056851456675,Minor,Clear,Highway,3
29.942819092478487,76.93597100547069,Serious,Foggy,Highway,23
25.948691428421867,82.10413137474444,Serious,Foggy,Rural,18
13.937556209164406,76.84757110753664,Serious,Rainy,Rural,2
28.882853359759682,77.36698395866095,Minor,Clear,Highway,18
28.422889641281667,77.24807176060624,Serious,Foggy,Rural,18
20.7489833411251,86.3219366429939,Minor,Rainy,Rural,20
16.73369608518884,78.76382405256986,Minor,Foggy,Rural,7
10.976223494917537,76.72078762507036,Serious,Rainy,Urban,2
16.153052796713997,75.42426473481396,Minor,Foggy,Highway,20
14.930759379202762,76.07623376066434,Minor,Rainy,Rural,1
21.230797689367655,86.88802748024032,Minor,Foggy,Highway,21
29.570313488955122,77.63032710775141,Serious,Foggy,Highway,7
13.432824288889988,76.9558077564333,Fatal,Clear,Rural,18
22.60780989720801,72.60443723152707,Minor,Rainy,Urban,14
27.419727281402125,79.41640642820443,Minor,Foggy,Urban,17
15.417243110201925,75.95313506098137,Fatal,Clear,Rural,22
14.806407242996373,74.88548597001262,Minor,Rainy,Highway,15
14.083170631296902,75.91363538811076,Minor,Clear,Rural,11
11.294901111564643,77.06788522431094,Minor,Clear,Rural,4
13.540046140931983,76.76534182502841,Fatal,Clear,Rural,14
21.010787607218663,78.63521323644991,Minor,Rainy,Rural,6
20.691064223058955,86.28764188649927,Minor,Clear,Highway,21
28.248647537956934,77.87106787563845,Serious,Foggy,Urban,23
20.914515223779652,86.50992871982878,Minor,Rainy,Rural,3
20.614056727162126,77.42413265218804,Minor,Clear,Highway,13
22.11781549018296,77.9447286376738,Minor,Foggy,Rural,16
21.323726013326354,72.72894912427611,Serious,Rainy,Urban,18
16.37972823436266,75.33187348472178,Serious,Rainy,Rural,7
18.541131024353742,73.83720735545627,Minor,Clear,Highway,23
18.22928509002086,77.45051353362967,Serious,Rainy,Highway,17
17.00609413595683,78.61254944324715,Serious,Foggy,Rural,3
23.012020862601826,72.55909457094948,Minor,Foggy,Highway,5
15.029448907532755,76.20795433653579,Fatal,Foggy,Urban,6
19.722630625727206,72.85103418875323,Minor,Clear,Rural,21
22.852067247447582,87.1733407517703,Minor,Rainy,Highway,19
24.316899196082996,85.0628370501028,Serious,Rainy,Highway,21
19.77122179685954,74.9386771347994,Minor,Rainy,Highway,5
17.379126903016953,78.44047696896052,Minor,Rainy,Highway,15
16.665668000610065,78.74792451072145,Minor,Foggy,Urban,6
23.216089842562983,77.8125483795998,Minor,Rainy,Rural,21
13.047156597739642,79.69077903959077,Minor,Foggy,Urban,19
22.84399056407868,87.2595864944983,Minor,Foggy,Urban,17
13.00936141584934,77.95609905319274,Minor,Clear,Rural,17
17.100091820552628,77.7415056446929,Minor,Foggy,Rural,17
25.265147547233415,75.69732289692683,Serious,Clear,Rural,18
29.195166890567894,77.10124989319631,Minor,Rainy,Rural,10
19.576669035010315,74.31774526930198,Minor,Clear,Urban,16
22.247247803439173,88.00222798935194,Serious,Clear,Rural,7
22.790132415931364,77.84809171718773,Minor,Clear,Highway,19
15.783009381148918,75.65558717077289,Serious,Rainy,Highway,14
14.463570246425212,76.57733189736095,Fatal,Clear,Rural,9
10.61061155666384,76.59511895885883,Serious,Foggy,Rural,5
15.7592748151463,74.49685690632448,Minor,Foggy,Rural,13
19.097599414551993,72.86112778933982,Minor,Clear,Rural,15
15.11508232350511,74.4313260532883,Minor,Rainy,Rural,19
21.197631582215116,72.71622879682775,Serious,Foggy,Urban,22
11.498238815882383,77.09866317366036,Minor,Foggy,Urban,7
21.2451925824868,86.88378580981785,Serious,Rainy,Highway,6
28.117897638894227,76.82838304612179,Minor,Foggy,Highway,13
21.134143570310286,72.72998389902077,Minor,Rainy,Urban,2
20.594598018584822,77.45534652811537,Minor,Rainy,Rural,2
27.034567883530663,75.90794331657376,Minor,Rainy,Rural,5
13.92163017317952,79.9125927642234,Serious,Foggy,Rural,10
13.300303645804922,77.10863823568583,Minor,Rainy,Rural,6
20.18027878772234,76.20800767292124,Minor,Rainy,Highway,4
18.72040966779381,73.4374743658246,Serious,Foggy,Highway,13
29.26637015769262,77.08125243487794,Minor,Rainy,Rural,20
26.952219474221113,77.2234193365871,Fatal,Rainy,Rural,1
18.010317316984978,73.66348391053216,Minor,Foggy,Rural,6
29.428348697622106,77.01763822620752,Serious,Clear,Urban,11
18.30420282447073,73.9578564686815,Serious,Clear,Rural,20
25.616560235892365,82.72819402317627,Minor,Foggy,Highway,6
30.285538676997596,78.02820803317273,Minor,Rainy,Highway,5
16.656815551288357,76.73806888601905,Minor,Foggy,Urban,3
17.614418042997084,74.46118578201163,Serious,Foggy,Rural,20
26.82415753889816,77.40704753131865,Minor,Clear,Urban,10
23.06351846063333,86.46712498037253,Minor,Foggy,Highway,17
19.169666385074947,72.93780298975764,Minor,Rainy,Highway,23
15.80366271769801,79.15870850926306,Serious,Rainy,Highway,18
18.278107614731056,77.48382283379563,Serious,Clear,Urban,1
18.955638560007593,78.29440567682127,Fatal,Rainy,Urban,23
22.76998149486915,87.5564515362451,Minor,Foggy,Highway,16
27.89969217897907,78.55311860550495,Fatal,Clear,Urban,6
14.351173649733857,76.50410256228493,Serious,Foggy,Rural,8
28.077116901093497,76.79026636699973,Fatal,Rainy,Rural,13
14.630085889360824,79.63183535334777,Fatal,Rainy,Highway,19
13.948940355987355,76.80424657657517,Minor,Clear,Highway,14
22.892811172128678,74.60533003447293,Minor,Clear,Highway,6
20.958466275156184,77.3889572694776,Minor,Rainy,Rural,19
11.058651676616455,76.97023068747647,Minor,Rainy,Rural,12
11.416693692204932,76.93340913063079,Minor,Foggy,Urban,5
28.314293076296966,76.98034851403175,Serious,Foggy,Rural,3
13.005613882253758,78.8955238930851,Minor,Clear,Rural,2
13.01097469453576,77.97993111476764,Minor,Rainy,Urban,6
18.719184548213857,73.52136824520944,Serious,Foggy,Highway,1
18.890415468167966,73.17422556521724,Serious,Clear,Highway,7
21.918479217848766,77.93111750396528,Minor,Foggy,Rural,17
13.025314424091643,78.96423271124506,Serious,Foggy,Highway,20
19.858384219942646,72.83328398948598,Serious,Rainy,Rural,6
22.37615453551825,72.61762125845253,Fatal,Foggy,Highway,16
22.942869291266803,87.73254413327052,Serious,Foggy,Highway,11
29.545120862326463,76.99851348387973,Minor,Rainy,Urban,8
15.70603431370268,74.38526420713009,Serious,Clear,Urban,14
22.503670309604026,74.40229617085099,Minor,Rainy,Urban,1
28.741150428359575,77.16912981108209,Minor,Rainy,Urban,16
14.149784800234933,75.79964984133858,Minor,Foggy,Urban,10
27.044531713262497,75.89176362060543,Minor,Clear,Highway,9
28.619402554789726,77.23395481749417,Minor,Clear,Highway,11
29.51226084040071,77.00486673219078,Minor,Foggy,Highway,6
16.87026528227181,78.69935696913727,Minor,Clear,Rural,12
20.764129459858914,78.10980647346817,Minor,Foggy,Urban,13
22.786469506638294,87.61840395188482,Minor,Clear,Highway,16
20.181288968302287,76.11339652918066,Serious,Clear,Highway,15
16.035866955797324,75.22495146222148,Serious,Clear,Highway,8
26.194162723127707,81.66968990839904,Serious,Foggy,Rural,2
29.285490330874755,77.02965652625723,Minor,Foggy,Rural,15
28.340671363566788,77.24957165861495,Serious,Rainy,Rural,2
22.947715030060962,86.98598555283183,Serious,Foggy,Urban,14
30.466459771556423,76.83413312609626,Minor,Clear,Highway,0
22.75078083072451,87.75928140552644,Fatal,Rainy,Highway,0
22.697443693504272,72.58491227711353,Minor,Clear,Rural,9
20.311138297050462,73.41580563222146,Serious,Rainy,Urban,21
27.400726657486715,76.63693997373018,Minor,Foggy,Highway,9
16.39824229163964,76.09327263433221,Minor,Rainy,Highway,10
17.34848135498376,77.48196224448303,Fatal,Rainy,Highway,1
19.79489400674798,75.07746772221742,Serious,Foggy,Rural,14
19.911316342230606,72.80998529693483,Fatal,Rainy,Urban,21
16.346220089695112,78.92047949595766,Fatal,Foggy,Rural,7
11.077960704064232,76.99805366287097,Minor,Rainy,Urban,13
25.306306019068348,75.69318192863592,Serious,Rainy,Rural,7
12.991945908364759,77.9765695518763,Serious,Clear,Highway,12
11.050269397334638,76.95334842255974,Minor,Rainy,Highway,21
13.054745847532377,79.31232892557085,Minor,Foggy,Highway,1
15.023480600869467,79.42609362001119,Fatal,Foggy,Rural,16
26.379540125148758,77.43905247120573,Minor,Rainy,Urban,23
15.044310895005323,76.2232821505974,Serious,Rainy,Urban,16
11.67969798837432,77.15767119892708,Minor,Foggy,Highway,5
27.728400339966903,76.49756904889166,Serious,Clear,Highway,17
16.842615320046583,74.97145179599042,Serious,Rainy,Urban,2
15.383516215456885,77.54100962032783,Minor,Rainy,Rural,16
19.639137673894105,78.20080379866124,Serious,Clear,Highway,10
18.896978853800167,73.17919821940976,Minor,Clear,Urban,15
28.066851266800462,76.73960265487324,Serious,Rainy,Urban,3
26.52049565559805,77.42868995235413,Fatal,Foggy,Rural,5
25.7701520211215,77.51273364589335,Minor,Foggy,Highway,6
29.636296500762437,77.67349289734325,Fatal,Clear,Urban,12
20.95701838648632,86.57141533373353,Serious,Clear,Highway,16
29.448044617082182,77.60683103027272,Minor,Rainy,Highway,8
16.882644119138508,78.69826284842588,Minor,Clear,Rural,3
24.182281555858943,77.73271988863796,Minor,Rainy,Rural,8
13.027387256700708,78.59360333859316,Minor,Foggy,Urban,5
30.036011827841694,77.89752719232666,Serious,Foggy,Highway,10
28.124252704867967,78.06619871982478,Serious,Rainy,Rural,6
28.006252926476986,76.72172229195573,Minor,Clear,Urban,4
22.748562262790983,87.66523022343705,Minor,Clear,Highway,12
16.307038628105545,78.92781189503333,Minor,Foggy,Highway,16
29.325399992256134,77.59250083138213,Fatal,Rainy,Highway,7
29.060449393819894,77.11277754392039,Serious,Foggy,Rural,20
14.687565914655172,75.02880426408295,Serious,Foggy,Urban,6
27.90303150132943,76.60397799483825,Serious,Foggy,Highway,14
15.91655333928899,74.78154424415153,Minor,Foggy,Rural,21
25.19619338323891,75.64325989168515,Minor,Clear,Rural,21
17.02345938373213,77.64369191137966,Serious,Foggy,Rural,12
13.013110599681683,78.63561513339427,Minor,Rainy,Rural,16
16.880824920680485,77.19995201991098,Fatal,Foggy,Urban,22
16.515397277584785,76.3782267419654,Minor,Foggy,Highway,23
13.560235166148678,76.69501263261597,Minor,Rainy,Urban,16
14.248513747434595,76.62402026879086,Minor,Rainy,Urban,23
12.567607893325683,77.40771794887111,Serious,Clear,Highway,2
11.549106474198663,76.95318330633592,Serious,Rainy,Rural,21
29.898889560629833,77.84499151969933,Serious,Foggy,Rural,9
13.221234237171542,77.3721258950167,Minor,Foggy,Rural,8
26.627667044571176,77.2612187587376,Serious,Rainy,Rural,11
28.328508673332767,76.969028139198,Minor,Foggy,Highway,18
30.013964976394423,77.86027908930974,Serious,Rainy,Urban,20
20.131016157005067,76.0823859482737,Serious,Foggy,Highway,18
19.98650953372082,75.51848630725458,Fatal,Rainy,Highway,2
23.4573973333443,86.75523193755777,Serious,Rainy,Rural,12
13.573631783271136,80.09751779300434,Minor,Foggy,Urban,21
14.607847140262681,79.64522613966999,Minor,Rainy,Highway,8
22.972214464658798,72.5859566461215,Minor,Clear,Highway,2
29.33579678448703,77.04126005960923,Minor,Clear,Highway,23
18.92182398445626,73.14066379641189,Minor,Foggy,Urban,7
12.186333511196489,77.28019209558698,Minor,Clear,Urban,11
23.250061635805057,85.71005872933037,Serious,Clear,Rural,8
19.02720067411876,72.88994852701832,Serious,Foggy,Rural,1
13.019398894185581,78.88912829373649,Minor,Foggy,Rural,8
27.020376506104665,75.8809752523312,Serious,Rainy,Urban,11
16.323675852643326,75.30124052000144,Minor,Clear,Highway,11
12.715756260519079,77.54308601851912,Minor,Rainy,Rural,15
19.1633261261005,73.12177279973587,Minor,Clear,Highway,1
28.86268238870629,77.35203209916385,Minor,Foggy,Highway,3
16.902494337947925,77.25376791011816,Minor,Rainy,Highway,2
13.027195899742898,78.29677066524461,Serious,Rainy,Urban,13
27.67975684241833,76.4313727078439,Minor,Foggy,Urban,6
22.865091463249392,87.1502010355222,Serious,Clear,Highway,14
17.221611485097647,78.1636558830533,Minor,Foggy,Urban,5
16.44075590010757,76.18473792868633,Minor,Rainy,Urban,13
26.39000934748532,76.21038278174079,Fatal,Rainy,Highway,2
29.47315285480323,77.05058269338554,Minor,Clear,Urban,17
25.924864023134024,77.26265541892981,Fatal,Clear,Rural,9
14.467457329527434,79.6604422544417,Minor,Foggy,Highway,9
22.71400530428113,77.37141631686337,Minor,Clear,Urban,4
22.997807486799996,86.66694176538446,Serious,Rainy,Rural,18
19.588671317686252,74.50369121679417,Minor,Clear,Rural,17
19.09950730453712,72.99315510854352,Minor,Clear,Rural,9
16.58363496909686,78.8330146994778,Serious,Clear,Urban,13
12.04786392998158,77.18150275726025,Fatal,Rainy,Rural,9
19.24388395087597,72.87221349269122,Minor,Clear,Rural,1
21.019878299165995,78.66259786453027,Minor,Clear,Highway,22
20.478196600454666,77.16753092499368,Minor,Clear,Highway,13
19.122927004089746,72.88289539179968,Minor,Rainy,Rural,0
28.147526875751495,76.83328000147178,Serious,Foggy,Urban,16
29.153332110008805,77.43545540920495,Minor,Rainy,Rural,13
11.173091007232212,77.03077490111052,Minor,Foggy,Highway,23
24.481577249722452,84.89518019789567,Minor,Clear,Rural,3
22.408734521115985,77.35311595838671,Serious,Clear,Rural,3
18.99979046644176,73.05642304066251,Serious,Clear,Rural,7
13.014147128271752,78.9283476790737,Serious,Foggy,Highway,8
26.955456812027375,75.79778068476803,Minor,Clear,Urban,12
16.386712170656416,76.03690610826105,Serious,Clear,Highway,17
29.447813352014258,77.040337075456,Serious,Foggy,Urban,19
13.047212903687814,79.20742249830873,Minor,Clear,Urban,11
23.2246561358629,85.81697076616419,Minor,Foggy,Highway,11
22.04613651634846,72.64528549210767,Serious,Clear,Highway,14
19.55320905901125,72.81119065605426,Minor,Foggy,Rural,20
20.82902958277125,86.40292479327881,Serious,Foggy,Urban,17
22.45540952074486,88.24437572291323,Minor,Rainy,Rural,15
16.294553005644712,75.90086943024683,Minor,Foggy,Highway,7
19.655877308698837,74.55063589117309,Minor,Rainy,Highway,12
19.70000547846841,72.79985076271922,Serious,Clear,Urban,6
15.718325182575658,74.42906938789743,Minor,Clear,Rural,2
11.197425817809645,76.99953162702896,Minor,Clear,Urban,23
14.144435146240312,75.8651627185527,Minor,Rainy,Highway,21
11.516694978380906,77.10736871405003,Minor,Foggy,Urban,11
12.304546819930556,77.40193864934723,Minor,Rainy,Rural,14
29.91149191868073,77.83865212772642,Minor,Foggy,Rural,0
11.285556403515624,77.07491465754984,Minor,Clear,Highway,6
14.082347525815981,76.74321452223998,Minor,Foggy,Rural,21
26.361488144686966,81.38016329001623,Serious,Foggy,Rural,3
9.974192587313686,76.25789438268008,Minor,Clear,Rural,17
20.88685675429425,73.71505238838637,Serious,Clear,Rural,14
19.727437504399607,74.90493441131325,Minor,Foggy,Rural,13
23.040510320836823,86.44405884310389,Minor,Foggy,Rural,3
12.999061962613395,78.49460644045533,Serious,Rainy,Highway,5
10.551264813927506,76.51612592552512,Minor,Foggy,Urban,2
15.93376195591334,74.92789138466298,Minor,Foggy,Highway,1
30.242889731395692,76.87116576888226,Minor,Rainy,Urban,19
18.654984627789805,73.56823885345064,Minor,Foggy,Rural,15
10.301064819892847,76.43035799541585,Minor,Rainy,Rural,3
24.444718648566088,75.32152364249208,Fatal,Clear,Urban,20
13.050419066030647,80.04218506600427,Minor,Clear,Highway,18
19.022258699056042,72.96182005955808,Minor,Foggy,Rural,21
15.485225968233573,75.88677240619116,Minor,Rainy,Urban,13
28.900798094489083,77.14774194767429,Serious,Clear,Highway,22
18.75263344030878,73.41016463253456,Minor,Rainy,Urban,16
12.6521356500128,77.43604284688588,Serious,Foggy,Urban,0
12.179576252958759,77.33876888065139,Minor,Foggy,Highway,23
27.060683997863162,75.90237707312815,Minor,Clear,Urban,11
16.458553112034576,77.52277234974598,Fatal,Foggy,Urban,7
27.618565452378267,79.05131784413857,Minor,Rainy,Urban,6
13.02278966350531,78.99278761274024,Minor,Clear,Rural,18
22.828401714719988,87.25548925391834,Minor,Clear,Highway,19
16.50551103460516,75.17301448541534,Minor,Foggy,Rural,2
16.5933801205978,78.81903155292814,Serious,Foggy,Urban,22
15.96710390830175,79.05713319057834,Minor,Rainy,Highway,1
19.046981960836625,72.92532767615137,Minor,Foggy,Urban,8
11.623660741920624,76.98048429191658,Minor,Clear,Urban,5
13.012514000224856,78.45547008657275,Minor,Rainy,Rural,21
21.304836264515473,72.68301929462153,Minor,Rainy,Rural,15
13.963030032791183,76.07533354079513,Serious,Foggy,Urban,16
15.550477115628908,79.22702334747318,Minor,Clear,Urban,6
28.541709924374416,77.26072605506839,Fatal,Clear,Rural,3
16.947124972094056,78.65917607990689,Minor,Clear,Highway,4
23.257630196132443,85.69788194014909,Serious,Rainy,Rural,16
22.077094409591847,87.85687902697606,Minor,Foggy,Rural,12
28.474868267891484,77.44253477208898,Fatal,Clear,Highway,2
21.589940788295,78.00262748685537,Minor,Rainy,Urban,22
30.374851165373457,76.84637219096957,Minor,Rainy,Highway,3
26.343059888064047,76.20519076715166,Fatal,Clear,Urban,16
28.235690780277483,76.90158647653323,Minor,Clear,Highway,1
10.207583288632424,76.35255093693776,Minor,Clear,Rural,11
30.124096692076613,77.93007016112054,Minor,Foggy,Highway,2
19.153715135028076,73.15803231680944,Minor,Clear,Highway,7
14.349626106853998,79.76817619527226,Minor,Rainy,Urban,6
22.366902261427757,77.90138015859004,Minor,Foggy,Rural,21
13.050202644599135,78.9747805905192,Minor,Foggy,Rural,1
27.64033168753454,76.40389758694094,Minor,Rainy,Highway,13
23.24642200152715,85.7542418065261,Minor,Rainy,Urban,14
28.683392518192516,77.23031963544368,Serious,Clear,Highway,7
14.711706081591931,75.00061739998999,Minor,Rainy,Highway,23
23.707040462106164,77.75843946705649,Serious,Rainy,Urban,9
20.548433906139003,86.11647744365906,Minor,Clear,Highway,13
11.415659420142722,77.08785568379501,Minor,Foggy,Highway,15
10.294488105372388,76.42917429578917,Serious,Foggy,Urban,4
13.891211032628071,79.9624109289412,Fatal,Rainy,Highway,10
16.90349605558711,77.25853631101955,Serious,Clear,Urban,14
20.5119743950815,77.17920648040625,Minor,Foggy,Highway,18
16.7918191375815,77.03664822461882,Minor,Rainy,Urban,18
13.57528657653215,76.694321211671,Minor,Clear,Rural,17
21.06411782587745,78.07378774097212,Minor,Foggy,Rural,18
15.324779272145458,75.99398830951523,Minor,Foggy,Urban,8
21.53643187551019,72.70892911625462,Minor,Foggy,Rural,5
14.63425046740911,75.06095863358938,Serious,Foggy,Rural,1
10.553427896558782,76.4953672722147,Minor,Foggy,Rural,11
16.215492567325143,75.53357404613082,Serious,Foggy,Rural,23
22.759642922866277,87.4950079643683,Serious,Rainy,Urban,23
13.01300588543256,78.43776571364837,Minor,Foggy,Urban,14
22.628514338654075,88.18544223089965,Serious,Clear,Urban,14
23.18829456518418,87.1940266722632,Minor,Foggy,Urban,6
17.08458052327702,74.40651668829943,Serious,Rainy,Rural,9
20.16423092995611,76.2335339611013,Serious,Foggy,Urban,13
21.28627736638567,72.72349028667361,Fatal,Foggy,Rural,14
29.73890258905068,76.96219004131454,Serious,Rainy,Urban,23
13.504039276185063,80.07880277767411,Minor,Rainy,Urban,16
16.53079701683563,77.51952330694365,Minor,Clear,Rural,11
21.941803747175324,72.6297180714026,Fatal,Clear,Urban,14
20.608239869443413,72.76494274106878,Minor,Clear,Rural,7
27.879883290951245,78.60799484249945,Serious,Rainy,Highway,12
16.734956900515122,76.91834655256237,Serious,Rainy,Rural,0
18.377631233915135,78.3752275926749,Minor,Clear,Highway,22
9.97002681644087,76.27423101801041,Minor,Clear,Urban,8
17.71465516449745,78.44534639351527,Minor,Clear,Rural,21
21.491516078889433,87.13742668725926,Serious,Clear,Highway,22
20.620273148587383,73.56418743108549,Serious,Clear,Highway,9
23.27335747816379,85.54244970402875,Serious,Foggy,Urban,12
12.98587427588132,77.86751083177415,Serious,Rainy,Highway,5
29.84040212620095,77.81414066321472,Fatal,Clear,Urban,18
17.30083101818069,78.20610601652692,Fatal,Rainy,Urban,11
19.864112827387682,75.30753724089327,Minor,Foggy,Urban,9
30.07512750794458,77.89114397406382,Serious,Foggy,Rural,18
22.047725808683442,87.77544893259702,Serious,Rainy,Rural,22
10.129809399762348,76.35271065139139,Minor,Rainy,Highway,16
29.182681568931763,77.4784318988228,Minor,Rainy,Highway,3
15.208090387257673,76.0928766208566,Minor,Rainy,Rural,4
16.89781089083964,77.3517491645865,Minor,Rainy,Rural,6
20.942310818185526,72.76337479957013,Minor,Clear,Rural,22
12.437553690003883,77.34541616302907,Minor,Rainy,Rural,6
20.202512394590805,76.18163037336001,Minor,Clear,Urban,3
27.3040171367216,79.6265464192634,Minor,Rainy,Highway,4
21.02434700520336,78.70815122685576,Minor,Clear,Rural,16
14.167360671786968,75.86011815472018,Minor,Rainy,Rural,10
19.5283173448383,74.3155442231052,Minor,Clear,Rural,21
18.75878858433446,73.3952032237588,Minor,Foggy,Rural,13
16.614973534726875,76.60432760610101,Serious,Rainy,Highway,2
13.371989631624055,80.18622982749484,Minor,Foggy,Rural,11
22.78799191743837,87.5319857589216,Minor,Clear,Highway,4
19.034140552531188,72.95547912183133,Serious,Clear,Highway,0
18.86866000104178,73.25223912858343,Minor,Foggy,Highway,23
16.627737672041825,78.81499843376338,Serious,Clear,Urban,7
11.082487080612083,76.96962032305832,Minor,Rainy,Highway,22
17.316820428155406,74.23996718296645,Minor,Rainy,Highway,9
18.79982332837984,73.35885610060116,Minor,Foggy,Rural,6
16.209733947264134,78.94676090072785,Minor,Clear,Highway,2
21.716747021826095,72.66294158941552,Minor,Foggy,Rural,3
16.53031961662304,78.83783110705602,Minor,Rainy,Rural,1
13.071098944831157,79.5361733654857,Serious,Clear,Rural,8
18.47435742617556,73.92548647596303,Minor,Clear,Urban,9
22.632482229990963,88.16573956448278,Minor,Clear,Urban,1
18.96471703231967,73.08150990804639,Serious,Rainy,Rural,10
12.392819592794039,77.36976974962622,Serious,Clear,Rural,12
19.87615004343224,75.23926374849245,Serious,Foggy,Rural,5
28.948820463747367,77.38753779538847,Fatal,Clear,Rural,1
22.606127234352524,88.27794818784785,Serious,Clear,Highway,19
22.80864778054428,72.57236286112307,Minor,Foggy,Rural,4
15.295877154289643,79.33565432567194,Minor,Foggy,Rural,18
14.681495334370286,77.56114645857332,Minor,Foggy,Rural,4
29.344339034436466,77.5339198612178,Minor,Foggy,Rural,9
12.901559917989871,77.57634934039527,Minor,Rainy,Highway,5
16.86561407802588,77.17179780343537,Minor,Foggy,Rural,13
13.041217862619453,79.94149597698505,Minor,Clear,Rural,14
27.746825933129276,77.31964655756151,Minor,Foggy,Rural,9
19.711981215129153,78.18305581583118,Minor,Rainy,Urban,6
24.758533034008217,84.34988463576077,Serious,Foggy,Highway,6
24.83694734416808,77.63578279804256,Serious,Foggy,Urban,12
17.287180338535705,74.22807057762512,Serious,Foggy,Urban,18
22.948074434710346,86.87885748120536,Fatal,Rainy,Urban,6
28.12196782450665,77.26515626488984,Serious,Rainy,Highway,16
22.775901171543072,87.50975519921815,Minor,Foggy,Rural,0
29.96238463863267,77.85292029605588,Serious,Clear,Rural,14
20.328145111562957,76.7118090463687,Minor,Foggy,Highway,7
26.11279624168519,81.78699594289189,Minor,Foggy,Rural,16
19.276944499182644,72.85278790070753,Minor,Foggy,Rural,13
16.04542738003767,75.20719443229872,Serious,Clear,Rural,18
15.088027101815888,79.43678878969412,Minor,Foggy,Urban,0
12.28515296602466,77.28673697783121,Serious,Foggy,Rural,4
23.09302706689716,86.38231518006681,Minor,Rainy,Highway,8
29.211568266527873,77.07430377204828,Minor,Rainy,Urban,22
16.282156271719526,75.76475961622118,Minor,Rainy,Rural,7
20.18776769605219,72.7868200894005,Fatal,Foggy,Urban,3
21.911369671640198,77.96112126430558,Minor,Rainy,Rural,9
18.882582467223536,73.25076715650927,Minor,Foggy,Rural,6
23.138432357687552,87.37151944438092,Serious,Foggy,Urban,21
20.33752556429204,85.88995094829913,Minor,Foggy,Rural,20
28.087321688528604,77.24871594979807,Serious,Foggy,Urban,9
17.88515313143028,73.74612779759613,Serious,Foggy,Highway,14
19.019668757651825,73.02485760184682,Serious,Rainy,Rural,16
10.809676521431383,76.65173367134649,Minor,Rainy,Rural,1
29.80053150725159,77.78531274927613,Serious,Clear,Rural,0
17.00004988913863,77.57397242739133,Minor,Clear,Rural,0
29.12292958620679,77.10357772514777,Minor,Rainy,Urban,12
25.816108435918597,75.96413988040729,Minor,Rainy,Highway,13
13.229340618014634,77.2273377905474,Minor,Clear,Highway,2
25.615415936510093,77.54789883339558,Minor,Foggy,Rural,0
16.600057926998353,78.81489655035944,Minor,Rainy,Rural,19
20.719835120059077,77.80635535963768,Fatal,Rainy,Urban,7
13.010638979282277,77.99918421575546,Minor,Rainy,Rural,4
14.85106264463786,74.79613138878945,Serious,Rainy,Urban,22
23.05271022248907,86.36773056387142,Serious,Foggy,Highway,12
18.7610402268277,73.37496757878593,Minor,Clear,Urban,16
14.548636430936899,76.3315599470635,Fatal,Rainy,Rural,2
22.47032819480967,74.44003986390969,Serious,Clear,Highway,10
20.654989045777683,77.70019833870694,Minor,Foggy,Urban,5
13.908606291665889,77.54823008326593,Minor,Clear,Highway,6
20.72387588392827,77.71581820316011,Minor,Foggy,Rural,6
16.401804520909998,76.09212098097836,Minor,Clear,Urban,8
11.269907657820445,76.84340954337887,Minor,Foggy,Highway,3
27.17380784267508,79.8153054687027,Minor,Foggy,Rural,3
22.692940198205697,77.89716489037939,Minor,Rainy,Urban,10
13.928298638931588,79.89045600384614,Serious,Foggy,Rural,11
22.561514331577204,74.43196727298154,Minor,Rainy,Urban,3
27.94790437800518,76.62110472113851,Fatal,Rainy,Highway,20
11.285424459094314,76.81529501050339,Minor,Clear,Rural,20
13.637806426696681,76.55823157505735,Serious,Clear,Highway,23
30.466203779761397,76.81752897870267,Serious,Foggy,Urban,20
11.236209578165028,77.01951425779399,Serious,Foggy,Urban,2
22.207794373079093,87.95145785904931,Serious,Rainy,Urban,18
22.626057261264847,72.61290633841742,Minor,Clear,Rural,7
30.39827475044102,76.83730894498038,Minor,Rainy,Highway,0
13.038421809269915,79.0957573222636,Fatal,Foggy,Rural,5
11.155660199691233,76.80225200184222,Minor,Foggy,Urban,2
23.67358154187893,86.37719354033777,Minor,Foggy,Rural,7
27.65353559999197,76.37444331954875,Minor,Clear,Urban,12
12.92635251157997,77.54027447111713,Minor,Rainy,Urban,1
23.258859135724997,85.53373002513287,Minor,Clear,Urban,4
10.510138235073324,76.53562338947093,Serious,Rainy,Rural,11
18.885767831562823,73.17265657021395,Minor,Foggy,Urban,2
13.995239410704274,76.03442434114665,Serious,Clear,Rural,5
18.715336173504838,78.31883511103703,Serious,Clear,Urban,19
16.251592006427902,75.05849164047983,Minor,Clear,Highway,3
17.877882811731503,74.27359589028805,Serious,Foggy,Rural,5
18.768192687066154,73.37591778484314,Serious,Rainy,Urban,11
19.5581061889512,74.27060970412951,Minor,Foggy,Urban,22
21.223594451712376,86.89636974111822,Minor,Foggy,Rural,2
28.664462894118568,77.16111288673339,Serious,Foggy,Rural,20
30.110100375235444,76.90463907289114,Serious,Foggy,Urban,12
25.185819757354682,83.55410462968743,Serious,Rainy,Urban,10
22.561574407236638,88.32366687419947,Minor,Foggy,Urban,2
19.646532277776476,72.83954000924794,Serious,Clear,Rural,12
11.568752471435454,77.13409497964692,Minor,Clear,Highway,6
12.828592433228081,77.51896037671004,Serious,Clear,Rural,11
27.927482450138893,76.64874937987858,Minor,Foggy,Highway,3
11.340774431552715,77.08080444251706,Minor,Rainy,Highway,1
14.359150148252414,79.7154607268918,Minor,Clear,Urban,5
13.401208053044785,77.31911936680169,Minor,Clear,Rural,7
14.997517684452417,76.03743726117919,Minor,Foggy,Rural,17
13.862832972154134,79.97174353696663,Serious,Rainy,Rural,19
18.812025619652342,73.37030868095974,Minor,Rainy,Urban,10
27.149344199252436,79.88070982025054,Minor,Foggy,Rural,5
11.721216924762809,77.1682302742003,Serious,Clear,Urban,21
23.839132397216233,77.31136798553389,Minor,Foggy,Urban,12
15.07430477808095,74.44704572586515,Minor,Foggy,Rural,21
27.81593828690587,76.5464026899876,Minor,Rainy,Urban,15
19.865761860531997,75.17498684084002,Serious,Clear,Rural,15
19.352733467477062,73.78801646766622,Minor,Rainy,Rural,13
23.241687333855698,85.69915131894854,Minor,Clear,Highway,7
27.32391502954198,76.63403305152283,Minor,Foggy,Urban,10
13.733257503530428,77.10845711259655,Serious,Rainy,Urban,12
17.230339157263476,78.51352103507884,Serious,Rainy,Highway,20
20.693016110798784,77.74496747337741,Minor,Clear,Highway,3
14.037846054161232,76.04695531349796,Fatal,Foggy,Highway,2
12.120805600420754,77.32207792479078,Fatal,Clear,Highway,8
21.51529681064606,73.97355132357804,Minor,Foggy,Urban,6
22.655932490527064,87.9311398586382,Serious,Clear,Rural,7
16.34172136209026,75.00672687973439,Minor,Clear,Highway,1
14.10985386703757,75.90432198194095,Minor,Foggy,Rural,11
20.183382528387,76.2701685595024,Minor,Foggy,Rural,17
13.31380015857968,77.08442050169397,Serious,Clear,Urban,15
17.682265988340063,74.41729836258706,Minor,Clear,Rural,18
15.78021733916106,75.40045961720983,Serious,Foggy,Urban,10
20.422648166460984,85.91775119485553,Minor,Foggy,Urban,4
23.247521762653157,85.57255616612579,Serious,Foggy,Highway,1
29.78671965388561,76.93204697996248,Minor,Foggy,Urban,13
11.521832261066864,77.1224040152327,Minor,Clear,Highway,9
17.36494038016307,74.2157521720959,Serious,Clear,Rural,9
23.21071767400025,85.92316896697753,Minor,Foggy,Urban,15
13.328572661378463,80.19947682498079,Minor,Rainy,Urban,16
28.51397405691469,77.15202351993449,Minor,Foggy,Rural,16
29.863877110969398,77.79690847945542,Minor,Clear,Urban,7
27.83397382854567,76.58715934411404,Serious,Rainy,Rural,14
23.08689587970375,87.36659398744932,Minor,Foggy,Urban,22
18.00384311048984,78.4003765634687,Fatal,Foggy,Highway,3
21.9999181169584,72.67678735536882,Serious,Clear,Highway,8
23.128806508464425,77.82048148270685,Minor,Rainy,Rural,22
15.105776612762364,79.39026924923095,Minor,Clear,Rural,17
22.851255480307966,87.20985698257581,Minor,Foggy,Rural,12
28.52681528624368,77.10298670753245,Serious,Clear,Urban,15
28.249621527093797,77.19352224633384,Minor,Foggy,Highway,19
23.12423270506734,86.08449663794441,Minor,Clear,Urban,13
11.680400102314003,77.19782680338483,Minor,Foggy,Urban,10
24.795140507542463,77.64528114180578,Minor,Clear,Rural,13
12.58269120883391,77.41713989682012,Minor,Foggy,Highway,21
29.210754458133675,77.51931857365693,Minor,Foggy,Rural,23
17.52184328078781,78.48559237677803,Minor,Foggy,Highway,21
11.55332650630334,76.96937792676223,Serious,Foggy,Urban,14
22.532285072664518,77.34184946111132,Minor,Clear,Urban,17
18.509871283665746,73.81608651464843,Serious,Foggy,Rural,0
23.485394916704813,86.72316208081756,Minor,Rainy,Urban,1
28.107214964336862,77.2548520164667,Serious,Rainy,Urban,11
23.95558597613982,75.05655654748642,Minor,Foggy,Rural,2
12.998757750367275,77.67799962924344,Serious,Rainy,Urban,12
10.045742659747143,76.29479502130788,Minor,Clear,Highway,12
28.846498444781965,77.32629271518782,Serious,Foggy,Rural,4
30.067369508299485,76.92715740680924,Minor,Clear,Highway,10
24.316539840706678,75.28116661283221,Minor,Foggy,Rural,4
19.654937353841436,78.21402648673441,Fatal,Foggy,Highway,14
23.00958184005326,72.56051363839838,Minor,Rainy,Urban,9
10.867470743698195,76.6748478589128,Minor,Foggy,Rural,16
20.390662650721424,77.38835510261559,Minor,Rainy,Urban,22
28.005930454343993,76.69930560096986,Minor,Rainy,Urban,7
23.285125080995197,77.3341588652594,Serious,Foggy,Highway,9
23.215022321199076,77.80161392665475,Serious,Rainy,Urban,18
20.646518636644313,72.78464610177991,Minor,Rainy,Urban,1
13.189082669801653,77.32091271605184,Minor,Rainy,Rural,13
16.763867127958516,78.75833126130519,Minor,Rainy,Highway,5
18.752433753785063,73.45330814596743,Fatal,Clear,Highway,6
22.330316153648248,74.3149951657566,Minor,Clear,Highway,11
11.275032307633078,77.06249848573178,Minor,Foggy,Rural,21
28.714963044133672,77.18015371603303,Minor,Foggy,Rural,21
24.209143561363376,75.21261654769171,Fatal,Clear,Urban,22
21.86577499267196,87.57164649175037,Minor,Clear,Highway,8
26.935682464748897,80.33574764200623,Serious,Clear,Urban,7
15.655551984176714,74.2490744377478,Serious,Foggy,Rural,4
14.538498752349488,75.32566012552046,Minor,Rainy,Rural,20
29.549319467718384,77.69458853155707,Minor,Foggy,Urban,21
21.798783474767003,87.50145802450909,Minor,Rainy,Urban,16
15.811289785266027,79.10328584235312,Fatal,Rainy,Urban,0
19.961837225987335,75.5433958286734,Serious,Rainy,Rural,22
20.445354649056636,86.00465159455672,Minor,Foggy,Rural,13
10.295913330136168,76.43917039985088,Minor,Rainy,Rural,23
28.088550083041802,77.25441268928755,Minor,Foggy,Highway,13
21.184010672885684,86.76511204561906,Serious,Clear,Urban,1
19.848737461954457,75.24862726920024,Minor,Foggy,Urban,19
26.818627273476228,80.50571737144774,Minor,Foggy,Highway,4
19.303833242552184,72.82658570735072,Serious,Rainy,Highway,5
16.382612551747364,74.94632534463307,Minor,Rainy,Urban,22
27.031716764873607,75.8420953921094,Minor,Rainy,Rural,19
21.184166864652983,77.36567305325009,Fatal,Clear,Rural,2
22.95771391836499,77.32999356587376,Minor,Rainy,Rural,15
15.322714288904224,79.34016245269783,Minor,Rainy,Urban,18
24.137711274825183,85.51936238357474,Minor,Clear,Urban,11
14.259989082185049,79.77835964232814,Minor,Clear,Highway,17
20.52741402924551,86.08962353650347,Minor,Foggy,Rural,20
12.411947503859,77.32358637282108,Serious,Rainy,Urban,18
22.875097727503174,77.85845324383766,Minor,Clear,Urban,17
24.29774547455641,75.20361053725168,Serious,Foggy,Highway,10
16.477663827755464,78.8357101879045,Minor,Rainy,Highway,6
30.10495708258441,77.95489457977165,Minor,Foggy,Rural,10
15.092220657018695,74.45364710734555,Serious,Rainy,Urban,3
28.65421629754301,77.20778546162072,Serious,Rainy,Urban,2
22.55101748932125,88.35675119362952,Serious,Foggy,Urban,17
27.532931973116252,76.31020576195183,Minor,Rainy,Urban,20
12.216511132954897,77.37081429523865,Minor,Foggy,Highway,2
22.610141180178864,77.3463276085428,Minor,Clear,Rural,5
14.191978179540778,79.84498556940353,Serious,Rainy,Rural,16
10.218415241432172,76.41909958021441,Minor,Foggy,Highway,18
9.939226437636735,76.26950687917049,Minor,Foggy,Rural,20
29.632934649683875,77.71555867776644,Minor,Clear,Rural,1
22.120533310188833,87.83990186759198,Minor,Clear,Highway,7
19.88794782344941,75.3646710069319,Minor,Clear,Rural,14
17.040364416723467,74.86153776049458,Serious,Rainy,Urban,3
12.960477589386413,77.93200328942035,Fatal,Rainy,Urban,4
21.368139622677468,73.91939456884174,Serious,Clear,Highway,4
22.835075904005922,87.19004836208953,Minor,Rainy,Urban,12
13.000416542937323,78.43419303667854,Serious,Rainy,Urban,8
24.97350109601722,83.87116438767559,Fatal,Foggy,Highway,2
20.425648764497307,76.97200633965907,Fatal,Clear,Rural,10
26.314817289744642,81.4738865603634,Minor,Rainy,Urban,9
28.77732754114344,77.16727113169009,Minor,Clear,Rural,13
23.04315337735393,86.5590962903932,Minor,Foggy,Rural,9
14.01273650366775,79.88707218987452,Minor,Rainy,Rural,6
23.25765015095269,85.68104755651233,Serious,Rainy,Rural,9
19.154065078391977,78.27109915379656,Minor,Rainy,Urban,7
23.169557249814837,85.99385714436755,Serious,Rainy,Highway,6
14.641242701020861,76.46039234505476,Minor,Foggy,Highway,6
15.042712883430886,74.47439272448291,Serious,Rainy,Highway,8
14.52551999907216,76.3726804989901,Minor,Clear,Urban,8
15.447798705606766,79.26910782181953,Serious,Foggy,Highway,21
27.59422005363031,76.74934459045126,Fatal,Clear,Rural,16
19.18089951260865,78.291553269015,Serious,Rainy,Urban,18
12.166856124684234,77.24303526587136,Serious,Rainy,Rural,20
11.787379773969073,77.23003508925177,Serious,Clear,Urban,12
15.021520468483946,76.02358246835755,Serious,Clear,Rural,4
22.604282173967057,88.18180999662685,Minor,Rainy,Highway,11
21.159844303056513,86.77519713592905,Minor,Rainy,Highway,14
16.519405346367332,74.85163773809889,Minor,Rainy,Rural,18
29.190068465809546,77.50420005142976,Minor,Foggy,Rural,22
12.943416343722573,77.5506264044949,Serious,Rainy,Rural,10
21.19067205250096,86.82304068790297,Minor,Rainy,Urban,22
15.73193121668896,75.72068102002136,Minor,Rainy,Rural,22
28.73691021876291,77.17549244828025,Minor,Rainy,Highway,9
19.684066885178495,74.8130952431438,Minor,Foggy,Rural,21
26.12789523352019,77.27489749783688,Minor,Foggy,Urban,17
25.223674885251928,77.26481789423826,Minor,Foggy,Urban,23
20.986228610327636,78.66792831890591,Minor,Clear,Rural,20
27.68500779365002,76.40946891564069,Minor,Clear,Rural,3
12.025593852425242,77.32166922648035,Minor,Clear,Highway,5
27.25948820333955,79.71729795501358,Minor,Rainy,Urban,18
19.90228339193355,75.29118210738734,Serious,Foggy,Urban,9
22.925612181920474,77.86266734901925,Minor,Rainy,Urban,12
18.96287811938657,73.10742578130885,Fatal,Foggy,Highway,1
23.375634915332828,74.79693537433468,Minor,Rainy,Rural,8
12.993170646734136,78.25418072014847,Serious,Clear,Urban,11
24.839094179256133,77.2977661830773,Fatal,Foggy,Rural,10
11.815291966280407,77.23017186812578,Minor,Foggy,Highway,3
21.602319362829782,87.23284927142899,Serious,Foggy,Highway,4
30.339451731172495,76.858953880982,Minor,Foggy,Highway,5
27.80070227401425,76.51282723017341,Serious,Rainy,Urban,13
15.210042106359236,75.87505515352733,Serious,Foggy,Urban,3
13.06258227030975,79.49108350869085,Minor,Rainy,Rural,12
22.34262672251771,88.10375102640776,Fatal,Clear,Highway,18
13.501102478227166,76.8267704639255,Minor,Rainy,Highway,15
27.623464875889333,77.24673728019164,Minor,Rainy,Urban,3
23.178241928934003,86.02583190228906,Fatal,Rainy,Rural,7
12.839637525670401,77.4976226423556,Minor,Clear,Highway,9
16.089056125339624,75.4574855966857,Fatal,Clear,Urban,17
27.60862169165244,76.36821773502403,Minor,Rainy,Urban,0
16.65406944914026,76.66865589412222,Minor,Foggy,Highway,6
30.085791384526104,76.87556828170052,Fatal,Rainy,Highway,17
19.91033724770617,78.20661445386625,Minor,Rainy,Highway,5
17.26065360213914,74.67059928018078,Minor,Rainy,Urban,13
22.929740403217753,86.866714627329,Serious,Foggy,Highway,2
29.21845301343329,77.08246987218887,Serious,Foggy,Highway,9
12.997359307334502,78.40295034299928,Minor,Clear,Highway,21
12.991090803606935,77.91752871532468,Minor,Clear,Highway,12
20.403382328819706,85.93840676393295,Minor,Foggy,Rural,23
15.860595159883218,74.79727857488622,Minor,Rainy,Rural,9
26.686069896973446,77.43124813434996,Serious,Clear,Rural,22
12.415353430491692,77.41545305981768,Minor,Rainy,Rural,12
27.36293944426118,76.62811065006375,Minor,Foggy,Rural,21
16.756892505964576,74.63297299270685,Minor,Clear,Rural,13
27.136927069422462,75.94188073510242,Minor,Clear,Highway,22
16.368649638948295,76.05780105014196,Minor,Foggy,Rural,0
13.028945272466622,78.68299382094847,Serious,Clear,Highway,15
24.723299725987346,84.36928444606471,Minor,Clear,Urban,15
15.263914851270837,75.80990648546556,Serious,Rainy,Urban,6
22.339616151123003,74.35883078165968,Minor,Foggy,Urban,9
24.18219239447919,75.1769354384576,Minor,Clear,Rural,19
18.880360186119418,73.25745220650165,Minor,Clear,Highway,4
13.037483933493323,77.46286727925356,Minor,Clear,Rural,10
26.50647244424555,81.06190239636058,Serious,Rainy,Urban,1
20.3200818767703,85.81518958332916,Minor,Foggy,Rural,18
29.12879225168884,77.11392718498179,Minor,Rainy,Urban,1
14.16685100152169,76.62440699580385,Serious,Foggy,Urban,5
30.487813236164275,76.79793330983755,Minor,Clear,Rural,20
27.682984113097376,76.44753152223413,Serious,Rainy,Highway,3
27.636959798700744,76.36362498610158,Minor,Clear,Rural,10
23.160434954092196,86.06154118432542,Minor,Foggy,Urban,9
23.384911755899047,74.81275117231337,Fatal,Rainy,Highway,18
14.552619829683527,79.63194928133471,Minor,Rainy,Highway,1
14.909335382549003,76.25393260765073,Serious,Foggy,Urban,14
22.66571050979042,87.94169951930907,Minor,Clear,Highway,23
28.605636690832718,77.22837874753644,Minor,Foggy,Highway,10
23.307898888255654,86.97745950307171,Fatal,Foggy,Urban,7
29.950423350104543,76.95284558367908,Fatal,Clear,Highway,9
24.094072978919954,75.14630314776655,Minor,Foggy,Highway,5
13.000382625183905,78.79425923833,Fatal,Rainy,Highway,18
18.966403319555454,78.30707928250581,Minor,Rainy,Highway,20
18.731252562321792,73.54041211845356,Minor,Foggy,Highway,9
26.51268793453374,76.24343625446312,Serious,Foggy,Rural,8
21.04063938323277,72.74520312009614,Minor,Clear,Urban,0
20.979923605512514,78.57362114163293,Minor,Rainy,Urban,14
12.702127096127272,77.49161652590148,Serious,Foggy,Urban,18
22.055141851599025,87.7681692435598,Minor,Clear,Rural,12
21.5540174324751,87.24080717968592,Minor,Foggy,Urban,16
29.15995411161166,77.45342985390621,Minor,Rainy,Rural,23
23.19124393735281,86.01204795145797,Minor,Clear,Highway,8
22.310004436808136,77.35234347142138,Minor,Rainy,Highway,2
29.799338791240462,76.93744159456998,Fatal,Rainy,Rural,5
20.94927284442772,78.55954853792966,Serious,Foggy,Highway,21
29.96209751350412,76.91863406275988,Minor,Rainy,Highway,15
28.102092377995003,78.16022861978925,Minor,Foggy,Highway,14
10.766833064246452,76.61190336461068,Serious,Foggy,Highway,17
12.984917076843754,78.18226493231445,Serious,Foggy,Highway,22
19.483103347412865,72.81440815108189,Minor,Clear,Urban,11
14.672492123012274,76.44159054585309,Minor,Foggy,Highway,3
28.18763767928651,76.81031105759676,Minor,Clear,Urban,3
28.203390024115574,77.01426014951589,Minor,Rainy,Highway,19
17.04577948863592,77.62969724581217,Serious,Foggy,Urban,15
27.46658317730927,76.25315175262618,Minor,Clear,Rural,3
18.001515731695775,77.4430825689399,Serious,Rainy,Highway,2
13.140817380796994,77.36258481742493,Minor,Foggy,Highway,7
12.693125288437654,77.49074506803515,Minor,Clear,Rural,13
11.293606434245039,77.02241173822185,Fatal,Rainy,Urban,17
15.722582985794755,77.49398868278023,Minor,Foggy,Highway,13
10.328450618806256,76.41063877823115,Serious,Clear,Rural,23
28.615652439545407,77.19201434528142,Serious,Rainy,Urban,5
12.843794799210682,77.57110396093888,Minor,Foggy,Rural,2
16.192931713637606,78.94366593858274,Minor,Clear,Rural,13
20.198592618415933,76.23340743298361,Serious,Foggy,Urban,18
22.821442192640202,72.62154804906534,Minor,Foggy,Highway,5
13.321606906669869,77.29070016665156,Minor,Rainy,Urban,5
13.479404494537192,76.86757084787408,Minor,Rainy,Rural,16
16.212905606392017,78.98172738109972,Fatal,Clear,Urban,12
20.812626423662074,72.7280842415924,Minor,Foggy,Urban,3
19.976798908687595,73.2505020213028,Minor,Clear,Highway,21
22.065636113808527,72.65073759939071,Minor,Foggy,Rural,7
15.287980440928589,74.16488422326397,Serious,Rainy,Urban,0
15.008177260437051,74.4993630156781,Fatal,Clear,Rural,18
12.48247091053232,77.41416106056205,Minor,Clear,Highway,21
17.137514496971082,77.4597380485989,Minor,Rainy,Rural,1
20.66763722091408,77.65439200938476,Minor,Foggy,Rural,15
13.047793138673436,77.45458463117016,Fatal,Rainy,Rural,2
27.174850263341117,79.84892953814993,Minor,Clear,Rural,1
28.49131723076311,77.08783281982907,Serious,Clear,Urban,17
21.280630816707138,72.73047260057679,Minor,Foggy,Urban,2
14.258243143317893,76.61426589499415,Serious,Rainy,Urban,16
16.161513176178683,75.50211528394908,Minor,Rainy,Urban,2
14.637756597153757,76.47343364669204,Serious,Rainy,Rural,5
16.540424867698693,74.79023119420937,Minor,Clear,Urban,3
16.120352863921642,75.17155985381856,Minor,Foggy,Highway,15
14.400008861490198,76.59381135870454,Minor,Clear,Urban,12
19.468954585398976,74.03604031592579,Minor,Foggy,Highway,1
27.79366318657066,76.51763813041981,Serious,Clear,Urban,13
14.27828621861103,79.79264276825475,Minor,Rainy,Urban,9
12.84209314423443,77.54318980540219,Minor,Clear,Highway,20
25.50188202135075,77.2644731996587,Serious,Foggy,Rural,10
13.292677588657975,77.38251465619389,Serious,Clear,Rural,14
26.006217465004486,82.02964078132148,Minor,Clear,Rural,7
28.304627628225177,76.93942470718879,Minor,Foggy,Urban,10
23.230651840148624,85.64975518346304,Fatal,Foggy,Urban,18
16.666583734514496,78.78893130104187,Minor,Clear,Highway,13
18.58729312622636,73.69535929791094,Serious,Foggy,Highway,6
22.857399442978764,87.26615410250565,Serious,Foggy,Urban,22
16.126610425614047,75.3299681175015,Minor,Foggy,Rural,16
29.909507389123327,77.85279287947837,Serious,Rainy,Urban,10
28.901269539710864,77.33791143444522,Serious,Foggy,Highway,22
24.190944435975247,77.33616608929019,Minor,Clear,Rural,8
30.36864005242212,76.86334085073788,Minor,Foggy,Rural,12
15.878973887211927,74.84883057785179,Minor,Foggy,Urban,12
13.511798426122276,76.71518667104772,Minor,Rainy,Highway,15
15.897562507850084,74.89085776688935,Serious,Clear,Urban,23
23.3478441434333,85.33145500404211,Minor,Rainy,Urban,9
18.75961342145401,73.37626577421851,Minor,Clear,Highway,8
21.456845460579423,87.09796848100599,Minor,Rainy,Urban,15
20.427365830637846,72.75773375645676,Minor,Rainy,Rural,15
18.928759912096265,73.12690480175658,Minor,Clear,Highway,3
17.660336808535526,77.45029514851619,Minor,Foggy,Highway,10
22.768750279525413,87.47340701574193,Minor,Rainy,Highway,12
21.825993691803305,72.67658667198027,Fatal,Foggy,Rural,23
29.666130176196383,77.74340452322515,Minor,Clear,Urban,18
18.48539816193926,73.35022078506987,Minor,Clear,Rural,15
30.359711567710953,76.86605716701115,Fatal,Clear,Urban,10
13.145674781683676,77.34488689096642,Minor,Clear,Highway,10
13.522401066846063,76.78509104016771,Serious,Clear,Urban,4
11.118885808255426,76.97450033281561,Serious,Rainy,Highway,13
15.806919194106706,79.10879460062041,Serious,Rainy,Urban,20
29.217296319304133,77.5043361802414,Serious,Clear,Highway,10
19.301296266845867,73.58463962204499,Serious,Clear,Rural,14
16.870704026242024,78.68360085657902,Serious,Rainy,Urban,15
24.094937016809062,77.68485265631605,Fatal,Foggy,Highway,10
26.629385954844565,77.22678655144895,Minor,Rainy,Highway,18
20.014213391913817,72.77773417919671,Minor,Rainy,Rural,3
14.097860104749438,76.78811646445058,Minor,Clear,Rural,9
20.92560853848583,78.38799650840518,Fatal,Foggy,Rural,21
23.446390938968996,74.86170462312388,Serious,Clear,Rural,21
28.037495124804597,78.21506357977226,Serious,Foggy,Urban,15
28.96594426525549,77.35731321614753,Minor,Clear,Rural,20
20.055070277546083,78.15370044284211,Serious,Clear,Highway,14
26.87538658862965,77.37046812076065,Minor,Foggy,Rural,0
12.502144461224091,77.40723036335467,Minor,Foggy,Highway,1
15.586284641547618,79.1946536596464,Serious,Clear,Highway,1
13.031959152400464,79.0804721715818,Fatal,Clear,Rural,7
11.302332365257657,76.87439079452393,Minor,Clear,Urban,21
24.462721915716077,75.28068210091196,Serious,Foggy,Rural,17
13.071015460453594,79.8643480998736,Serious,Foggy,Urban,8
15.057468943053214,74.4483911144139,Minor,Rainy,Highway,12
17.210756236076165,78.05295787057025,Minor,Clear,Highway,7
11.579834516318321,77.16091977915559,Minor,Foggy,Urban,3
26.328635923981093,81.38635204772544,Minor,Foggy,Highway,11
15.161553511510988,76.13789523214892,Minor,Foggy,Highway,13
12.972124900371925,77.56554990796697,Minor,Clear,Highway,23
29.427045474368516,77.06308085713489,Minor,Foggy,Urban,21
11.393844485283127,77.04881667560696,Minor,Rainy,Rural,17
18.949906777334014,73.12887821009369,Serious,Clear,Highway,4
14.819749887115625,74.8168804975233,Serious,Foggy,Urban,4
14.920274961283264,74.62927446264514,Minor,Clear,Highway,5
26.963410347683457,80.26211607280234,Minor,Foggy,Rural,3
29.381026082970088,77.59631066636899,Minor,Foggy,Urban,22
23.730274291215107,86.19939158437349,Minor,Clear,Rural,19
13.235031625734443,77.39789983972643,Minor,Rainy,Urban,17
20.818275195555216,86.40633078771393,Serious,Rainy,Highway,18
16.860389071988774,74.98207964183256,Serious,Clear,Highway,16
19.452378375343603,73.0579243932962,Minor,Rainy,Highway,12
29.476267517520483,77.64716040717737,Serious,Foggy,Rural,0
14.866768368024044,76.10778250185436,Minor,Foggy,Rural,11
16.317210844908118,75.83554934116891,Minor,Rainy,Urban,2
17.737536842074025,73.86433812630565,Fatal,Clear,Highway,0
13.060388379711892,79.23621424756304,Serious,Foggy,Rural,15
16.99878673677927,77.57624512447266,Fatal,Rainy,Urban,19
14.96020248921664,77.55127439909627,Minor,Rainy,Highway,19
22.97213055176817,72.59837721584051,Minor,Clear,Highway,6
14.2299116021494,75.67499616907718,Minor,Rainy,Urban,9
12.9806105535096,78.1492603521447,Fatal,Clear,Rural,12
11.675307498132769,77.13870833099762,Serious,Foggy,Urban,11
26.930555680732066,77.3741107296805,Serious,Foggy,Rural,18
18.933493380031333,73.12664443055829,Minor,Clear,Urban,23
28.85733463239503,77.13403314283576,Minor,Foggy,Highway,21
15.871698941075914,75.63027731274056,Minor,Clear,Rural,8
18.51377588506717,73.88546209936798,Serious,Clear,Rural,20
13.142733000395888,77.42971085459632,Minor,Rainy,Rural,1
18.51977809076416,73.86907766191123,Minor,Rainy,Highway,20
26.972269561922655,75.84115092839535,Fatal,Rainy,Rural,1
11.685590827806763,77.03478622659004,Serious,Rainy,Highway,18
15.640474363257223,74.2330578051356,Minor,Rainy,Rural,12
29.902758755094368,76.95356208329144,Minor,Rainy,Rural,19
11.154480090910717,77.03225236084192,Fatal,Foggy,Urban,8
15.03239843806306,74.53420626662154,Serious,Rainy,Urban,10
21.82544888324384,87.48877298292098,Fatal,Foggy,Rural,16
15.805302079249866,75.70351097557301,Serious,Rainy,Highway,17
14.983209884169094,76.22212396252839,Serious,Clear,Rural,4
21.245830194610093,72.68979215512663,Minor,Foggy,Urban,2
21.535353426433957,77.99174714548319,Serious,Clear,Rural,19
16.79114740101529,75.01146173315257,Minor,Rainy,Urban,8
13.076827304579536,79.80601434508954,Minor,Rainy,Rural,21
21.265910131128077,77.38207642320324,Minor,Clear,Rural,5
26.9111297093448,75.81675161860846,Serious,Clear,Urban,5
15.106857499435911,79.42954583947417,Minor,Rainy,Urban,13
13.913661086652997,76.8911789401878,Minor,Clear,Urban,7
11.55503460897614,77.12186531090667,Minor,Rainy,Rural,17
14.148083571950648,79.8475086133248,Minor,Clear,Highway,19
29.786843860666703,77.76038075144339,Minor,Clear,Highway,9
20.991091007698692,86.60304475788121,Serious,Foggy,Rural,12
26.671592406554087,77.40120258698687,Minor,Rainy,Highway,19
18.754987646824134,73.43387367251648,Minor,Clear,Highway,20
10.990201203790846,76.73755813591225,Serious,Foggy,Highway,9
10.590087197341843,76.55506974228267,Serious,Foggy,Highway,13
30.039601204433502,77.89980735971719,Serious,Rainy,Rural,12
18.110649452524612,74.11988920566392,Minor,Rainy,Rural,5
20.208938132192436,73.40932836743762,Fatal,Foggy,Rural,3
14.016016248880913,79.9095075365148,Serious,Foggy,Rural,11
21.097789956517584,86.69873243133534,Fatal,Clear,Rural,15
21.00467815917073,72.7411606050755,Minor,Foggy,Urban,14
21.918405044347168,72.67216319012545,Fatal,Rainy,Rural,21
19.711822116709023,74.78997773182402,Fatal,Foggy,Urban,2
19.927631530732793,75.49221017495353,Serious,Rainy,Rural,6
15.289552280351641,74.16539374796642,Minor,Rainy,Urban,0
17.181508113382655,77.48738262433477,Fatal,Foggy,Highway,7
25.17570174864884,83.61689109653202,Fatal,Foggy,Urban,4
19.646195938398332,74.5466638104805,Minor,Foggy,Highway,21
29.904847340722544,76.95635068697777,Minor,Foggy,Urban,17
19.12685037919267,73.06546258009215,Serious,Foggy,Rural,16
10.294865818154994,76.4083177031216,Serious,Foggy,Urban,22
30.37156420587829,76.80716398790716,Serious,Rainy,Urban,18
29.7689523460107,77.77828906014923,Minor,Rainy,Urban,1
24.94254201303782,84.00003003623532,Minor,Rainy,Rural,0
16.242226886898024,75.67176687315796,Serious,Foggy,Highway,1
19.06681062702315,72.94002756597763,Fatal,Foggy,Urban,17
21.034522066620013,72.71549581397642,Serious,Clear,Rural,16
16.0048149363238,75.12153484886217,Minor,Clear,Highway,8
22.85033424572967,87.20558676832606,Minor,Rainy,Urban,23
13.005231039103283,78.8325067757406,Minor,Foggy,Rural,22
17.279347252566637,77.48420714233161,Serious,Foggy,Rural,2
29.35596040006255,77.57676321918018,Minor,Clear,Urban,3
22.73644664536231,74.54269374880685,Fatal,Foggy,Rural,9
12.78395825618844,77.52129580380164,Fatal,Foggy,Rural,17
13.046462254184672,79.88515889389181,Minor,Rainy,Rural,17
22.638719637774877,88.03977389318132,Minor,Foggy,Urban,21
28.234072923283883,76.8769423438928,Minor,Rainy,Rural,15
16.862966459348925,77.25452768108488,Serious,Rainy,Highway,10
18.73292728111618,73.47124494629129,Minor,Clear,Highway,7
16.34672133216251,74.9786214149069,Serious,Clear,Rural,2
22.761392802430844,87.61703644771285,Minor,Rainy,Highway,6
14.108013700118036,79.81507234262455,Minor,Clear,Urban,10
21.624154263774088,87.2791656814793,Fatal,Rainy,Rural,14
22.30536955952436,88.01942962847444,Minor,Rainy,Highway,12
28.805002069385882,77.14941104202194,Fatal,Clear,Urban,15
19.91610387020052,72.8367959154292,Minor,Clear,Highway,0
18.879740659104375,78.33670963840709,Minor,Rainy,Rural,12
22.629875284273275,88.13257456324492,Fatal,Rainy,Highway,13
10.503060471209917,76.51821990987843,Fatal,Clear,Urban,16
26.951053032484555,75.831077879079,Serious,Foggy,Rural,4
21.716668273883894,87.3899484695959,Minor,Rainy,Rural,14
28.111253618695226,76.79173169934289,Serious,Rainy,Highway,8
13.097683606452563,80.27552172579314,Minor,Clear,Highway,4
13.616187669791735,80.03131072994267,Minor,Rainy,Highway,20
15.16574567371147,75.88895712253353,Minor,Foggy,Rural,6
27.450346918514533,76.2324027687856,Minor,Rainy,Rural,16
15.766643704802801,75.68975864673509,Fatal,Rainy,Rural,21
18.475077096892736,73.87710632571249,Minor,Foggy,Rural,5
19.06534992443738,72.91187761713837,Fatal,Rainy,Rural,21
26.440515445835477,77.45203210798583,Serious,Foggy,Rural,6
26.95789012301785,75.85603859773437,Minor,Clear,Rural,4
27.753502248213046,76.48101852772042,Minor,Rainy,Highway,4
22.150452271584882,72.62978128036056,Minor,Clear,Rural,7
21.840319145212355,72.65028926268526,Serious,Clear,Rural,13
23.154665948945617,87.24019009551954,Minor,Rainy,Rural,0
30.208809673268988,77.96511212834257,Minor,Foggy,Urban,18
20.66346934856274,72.76170062990948,Fatal,Rainy,Highway,2
27.898071558645487,76.88287146728831,Minor,Rainy,Highway,22
29.43435078849367,77.6159495096473,Minor,Clear,Rural,10
17.63457409748039,77.46550102785336,Minor,Clear,Highway,15
24.99987986932448,77.26669607802636,Minor,Foggy,Rural,5
24.05499004079518,77.33497486631077,Serious,Rainy,Rural,22
18.814669428774952,73.29573420344795,Serious,Rainy,Urban,6
18.60116594311999,73.66039815770529,Minor,Rainy,Rural,15
14.075150620484349,75.99884678265448,Minor,Rainy,Highway,16
21.105274627416865,78.05655158928539,Minor,Rainy,Rural,17
18.89337263265815,73.12363252083543,Minor,Foggy,Rural,1
29.602057666313783,76.99214224333967,Minor,Clear,Highway,8
30.316729563188353,76.8632749889349,Fatal,Clear,Rural,1
14.723412858928754,75.02464861222595,Minor,Rainy,Highway,20
29.888651527388838,76.917952994801,Fatal,Foggy,Urban,10
29.385226435391193,77.05559630879762,Serious,Foggy,Highway,21
18.99358169685843,72.9380652518764,Serious,Clear,Urban,16
16.69046088332514,78.76251879548379,Minor,Foggy,Rural,13
28.96927387118629,77.3982627571957,Minor,Foggy,Urban,4
17.626759995085962,74.41828491344152,Minor,Rainy,Rural,15
20.897311808669535,86.49998728503027,Serious,Foggy,Highway,0
24.6528433395878,77.62551072211343,Minor,Foggy,Highway,14
19.424406313909675,73.93436180954193,Serious,Foggy,Urban,18
19.359599169765414,73.76078564737921,Minor,Foggy,Highway,18
11.13284918243068,76.7872181128475,Fatal,Foggy,Urban,11
23.107915619579032,86.16977914536123,Minor,Rainy,Rural,21
29.49375804413796,77.623413036189,Serious,Foggy,Rural,9
24.00816535439517,85.6835734241594,Fatal,Rainy,Highway,21
14.748607009254089,74.95896616724143,Minor,Foggy,Urban,21
15.458742042613082,75.63608509005596,Minor,Rainy,Urban,10
17.30554621546852,78.2797301438027,Serious,Clear,Highway,5
13.16850977424166,77.28683960926104,Minor,Foggy,Highway,22
14.890412940614056,74.6948359330633,Minor,Foggy,Rural,0
15.39521250516296,75.72420757606889,Serious,Rainy,Urban,21
14.578906464130377,77.57551424065093,Serious,Clear,Highway,22
20.656278862222173,73.59282643904527,Minor,Foggy,Highway,7
15.890634960621513,74.83006888027077,Minor,Foggy,Highway,8
13.352615527084577,77.02828098493875,Fatal,Clear,Urban,11
29.348604744971396,77.56570504851838,Minor,Clear,Highway,19
11.401465380478646,77.08221404165701,Minor,Rainy,Highway,3
12.371069416275382,77.39231705000466,Serious,Clear,Urban,19
20.660209352629817,77.62214397833444,Serious,Rainy,Urban,13
11.450302444355529,76.92825564466477,Serious,Foggy,Highway,16
26.738764930711188,77.40022594412765,Minor,Rainy,Urban,17
23.012001084665407,77.8602828586465,Serious,Foggy,Urban,14
10.110379048916762,76.327615981604,Minor,Clear,Highway,2
14.177850930870639,79.80666350033577,Minor,Rainy,Rural,3
22.611458123945912,88.21864696903127,Minor,Rainy,Urban,8
29.57739883028356,77.01984230296988,Minor,Rainy,Highway,11
30.345890179688826,76.85623287332913,Serious,Rainy,Highway,2
13.059124953395845,79.63294729198633,Fatal,Foggy,Urban,17
13.192083683081954,77.20387714669216,Serious,Foggy,Urban,2
23.080846913199135,86.26379839194934,Minor,Rainy,Rural,20
22.858102004644735,87.13582432940278,Serious,Clear,Urban,3
23.08013756468066,87.39190567110097,Minor,Rainy,Urban,9
27.139667146435023,77.24995976142357,Minor,Foggy,Urban,23
19.882427393370733,75.33304464581504,Minor,Rainy,Rural,14
18.417153568405105,73.37535373426793,Serious,Clear,Highway,14
14.47530369211145,79.71665301273981,Serious,Rainy,Rural,6
18.599625876084584,78.31815593146868,Serious,Rainy,Highway,5
27.309640045489775,77.31758143601755,Minor,Clear,Rural,2
19.031339820286306,72.93676784320809,Minor,Clear,Highway,8
18.655479117691947,73.2196338628336,Serious,Clear,Urban,21
15.45964144032374,75.6416489402961,Minor,Foggy,Highway,7
13.311993546797385,77.09723947527847,Fatal,Rainy,Highway,3
29.9515476090409,77.82947756438809,Serious,Foggy,Rural,23
13.060779908091911,79.23764537750488,Serious,Foggy,Rural,1
27.467600842254797,76.70054076076937,Minor,Foggy,Highway,15
28.05849948632619,76.7553574883922,Minor,Foggy,Highway,22
12.997114504884538,78.71250971441931,Minor,Rainy,Urban,1
13.55299020096212,77.10623018851278,Fatal,Foggy,Highway,4
16.26221005356163,75.01333703481707,Minor,Clear,Highway,14
19.56401780315397,72.83708790907862,Serious,Clear,Highway,22
24.658009098837134,77.67500112764876,Minor,Clear,Highway,5
16.001235718251504,75.0655100726217,Serious,Rainy,Highway,4
19.51677969267419,74.22699313629448,Serious,Rainy,Highway,7
13.398975577524327,76.95192009602052,Minor,Foggy,Rural,23
18.285419836004444,73.9967085281803,Serious,Clear,Rural,14
22.329860048195883,88.09220454477779,Minor,Foggy,Urban,15
22.872872227096575,87.16351127025145,Fatal,Rainy,Urban,3
18.91183187681707,73.1515155884337,Minor,Foggy,Rural,19
10.620740081924643,76.58577941816654,Minor,Rainy,Rural,1
23.02358551563777,86.55037622825955,Minor,Clear,Rural,14
17.728141054125818,73.89793892343258,Serious,Clear,Urban,5
13.03419908557753,79.05474621552013,Serious,Clear,Highway,15
24.47124973779443,84.79565876419953,Minor,Rainy,Urban,13
29.250448105085813,77.04393236069495,Minor,Clear,Rural,22
24.382794303584056,84.95767609828896,Minor,Foggy,Highway,8
10.406791132027234,76.47805426235038,Fatal,Rainy,Highway,14
23.0815299541804,86.31333930799492,Fatal,Foggy,Rural,2
19.977051077711373,75.5858561087538,Serious,Foggy,Highway,13
19.778536665415636,75.0235583220052,Fatal,Foggy,Highway,6
11.040880473915616,76.75039530616804,Minor,Rainy,Urban,6
19.879779335200954,75.22412325748472,Minor,Foggy,Urban,20
19.049723460391082,78.26640461237194,Minor,Rainy,Urban,16
15.570123588802522,74.01932588813445,Serious,Clear,Rural,17
27.937601929648768,76.63603177609056,Serious,Clear,Urban,22
13.187844163016832,80.25478982164526,Minor,Foggy,Urban,13
20.147115138139693,72.81957195065283,Minor,Foggy,Highway,20
13.003196464538822,78.30658977968177,Serious,Clear,Urban,14
12.965441332159042,77.60731974555208,Fatal,Clear,Highway,0
10.730173167394803,76.59268097180502,Minor,Rainy,Urban,14
11.000059198526642,76.73905959937656,Minor,Clear,Highway,10
12.072123512492244,77.30151022117296,Minor,Clear,Rural,14
24.139483951824104,77.33312722776891,Minor,Foggy,Highway,9
12.985433871287263,78.5785260122596,Minor,Foggy,Rural,14
11.525562504584585,77.14582221698743,Minor,Rainy,Rural,6
18.927414694031977,73.11271465329902,Minor,Rainy,Urban,10
29.47422077106252,77.05032336048566,Minor,Foggy,Highway,7
18.206856633167288,74.04392789963283,Minor,Foggy,Rural,16
24.87307802381602,75.49725446333004,Serious,Foggy,Highway,10
16.761745097610046,75.04766198132928,Minor,Foggy,Rural,21
22.73404149111203,87.7933629716116,Minor,Foggy,Highway,16
27.91650745664428,78.45438180841487,Serious,Foggy,Rural,9
22.783117455167055,87.46592544271454,Minor,Foggy,Highway,13
24.18688257699112,85.35284566416588,Minor,Clear,Highway,22
16.11822181062123,75.49714921147005,Serious,Foggy,Highway,14
21.645667348469225,87.37253918294485,Minor,Foggy,Rural,8
13.03583941654194,77.5146710665293,Minor,Clear,Urban,23
16.9921422863416,77.49815312745866,Minor,Foggy,Urban,14
21.590918881567752,87.28140529157211,Minor,Foggy,Highway,10
18.75745518666832,73.43942992621197,Minor,Foggy,Rural,20
28.252410633851344,76.90844469664682,Minor,Foggy,Highway,19
23.103139741542535,86.16149486692784,Serious,Foggy,Highway,20
29.469961651219148,77.65570850853615,Fatal,Foggy,Highway,6
13.506368885934855,76.83141784497774,Serious,Foggy,Urban,1
20.398666122934646,73.44649456606366,Minor,Rainy,Rural,23
18.88318886458677,73.18906203515286,Minor,Rainy,Rural,19
29.816026855865033,77.77298503806406,Minor,Foggy,Urban,0
20.6613196504391,77.62717060316075,Serious,Foggy,Highway,18
23.076927187728536,86.20980751020079,Serious,Rainy,Highway,20
15.08480937691167,79.40085810851653,Minor,Foggy,Highway,1
17.534048211389628,74.52039952416106,Minor,Foggy,Urban,22
23.131284525137826,77.34560431289759,Minor,Rainy,Highway,21
16.15143347374574,75.51167409439326,Minor,Clear,Rural,13
19.06021447647731,72.94187073409161,Serious,Rainy,Highway,10
15.80005718416571,74.66203770161341,Minor,Rainy,Urban,11
11.345079892941687,76.84955723536628,Fatal,Rainy,Highway,8
22.8336222278919,87.32261849708182,Minor,Clear,Highway,5
13.013856148426662,79.21099552056843,Serious,Rainy,Urban,13
16.140447306657673,75.42760434737788,Minor,Clear,Urban,20
13.032465071201234,79.72391403008983,Minor,Clear,Urban,11
12.981273961024243,78.18147361467449,Minor,Foggy,Rural,8
22.157609257461434,77.93445123867326,Minor,Foggy,Rural,10
21.19252956150577,86.79732422069057,Minor,Clear,Urban,10
18.949440846855605,73.02577519012846,Serious,Rainy,Urban,11
11.503282892941808,77.11768905241625,Minor,Foggy,Rural,19
18.978598779812078,73.0904125733219,Minor,Foggy,Rural,6
12.56754824767679,77.46138579946654,Minor,Clear,Rural,12
12.97741810350393,77.60240055880188,Minor,Rainy,Urban,1
16.810591547022135,78.71295080027241,Fatal,Clear,Highway,23
28.51535100433086,77.37150413321486,Serious,Rainy,Highway,22
12.70123023946122,77.45688225935004,Serious,Foggy,Urban,4
11.931506575614327,77.26476588467621,Minor,Foggy,Urban,10
27.63873548838521,76.3979899985818,Minor,Foggy,Urban,21
21.130794271895084,79.01302601432324,Serious,Clear,Highway,11
19.995048912032708,72.81408569955748,Serious,Rainy,Rural,15
30.045523290063016,76.90805732223448,Serious,Rainy,Urban,16
12.264835311592272,77.36657078392997,Minor,Foggy,Urban,12
16.064055387195452,75.2734934796418,Serious,Foggy,Urban,19
22.00836129549228,87.68380455572591,Minor,Foggy,Rural,18
22.469394041678402,74.44604118312674,Minor,Clear,Rural,0
29.334221145552206,77.07173898810936,Minor,Rainy,Urban,21
13.903599593224657,76.19923349630723,Serious,Rainy,Rural,7
30.11766127589593,76.87644949958964,Serious,Rainy,Rural,22
23.89248626311058,77.72081450392979,Minor,Clear,Rural,9
18.657713061318333,73.62633600303869,Serious,Clear,Highway,10
13.99300532563946,76.90566450613609,Minor,Foggy,Highway,11
12.809414429645715,77.53473050102104,Serious,Clear,Highway,1
13.744690591957738,80.0099815659452,Fatal,Foggy,Urban,13
12.355464322098287,77.33500666037725,Minor,Clear,Urban,2
14.651334024281843,79.61182988697983,Fatal,Rainy,Urban,6
27.60479373783582,76.35919539016687,Minor,Rainy,Highway,12
22.62635004268024,88.20116066570651,Serious,Rainy,Highway,9
18.50623184851247,73.84318318725438,Minor,Foggy,Rural,6
19.050418696173132,72.90731020644218,Minor,Clear,Urban,9
18.587815986274858,73.26980469987558,Minor,Clear,Rural,1
20.37248902717681,76.72161625412556,Minor,Foggy,Rural,20
21.901891523224677,74.1646496498429,Serious,Foggy,Highway,18
16.499451425522178,78.86484054272803,Serious,Clear,Urban,17
15.597650088693797,74.15087133259279,Serious,Clear,Highway,22
19.28477889804222,72.82649646323709,Minor,Rainy,Urban,11
11.55371034011933,77.1017245014635,Minor,Clear,Rural,19
21.93115331381088,87.64237541000725,Minor,Foggy,Urban,17
19.38828973076741,73.79715272524072,Serious,Clear,Rural,21
18.95985295915335,78.30982623615236,Serious,Rainy,Urban,22
20.344277160507012,77.37751242423002,Minor,Rainy,Urban,1
18.2091754241818,74.06389273835393,Minor,Foggy,Highway,20
22.633133519263037,88.14286048650688,Minor,Foggy,Highway,17
16.70441706082915,78.74182108847091,Minor,Foggy,Highway,4
15.021990068593416,74.50510477123528,Serious,Foggy,Rural,22
11.229955198565758,76.83329882935425,Minor,Clear,Highway,15
18.769330944562746,73.41873478344543,Fatal,Foggy,Highway,21
28.693619330900226,77.17921073659744,Fatal,Rainy,Urban,11
18.654022633795595,73.58335299559738,Minor,Clear,Rural,23
12.922023775882677,77.57240674599107,Minor,Clear,Highway,22
15.205571441530985,74.1967920788604,Minor,Foggy,Rural,1
19.298169712876,72.84891341262274,Serious,Rainy,Rural,6
14.139658758618298,79.85320911389768,Minor,Clear,Urban,22
23.343603724013956,85.42749024562941,Serious,Foggy,Rural,12
18.939947313911436,73.11044164131391,Minor,Rainy,Rural,11
10.689234521343085,76.6084239311891,Serious,Clear,Rural,13
26.987435177338586,80.20492755494492,Fatal,Clear,Rural,8
14.603055208770966,75.15923303825609,Minor,Foggy,Highway,4
20.609581127612966,77.56483262261241,Fatal,Clear,Highway,5
15.194736729438674,74.2409573006785,Fatal,Clear,Highway,21
14.119935284520965,75.87565517899446,Minor,Foggy,Urban,2
23.111048518074508,86.33338100515968,Serious,Foggy,Urban,1
16.436693604655886,75.23822523068212,Serious,Clear,Highway,18
22.46143633513803,72.6074378711613,Serious,Clear,Rural,12
29.004108901951522,77.37943703882584,Serious,Clear,Highway,19
18.566154110590016,73.24204654565035,Minor,Clear,Rural,8
14.31917554677833,76.69838843454033,Serious,Foggy,Urban,1
26.735799187126247,76.36524811439418,Minor,Clear,Highway,10
11.587871250118765,76.94690458303455,Serious,Clear,Urban,21
19.6785921994559,74.70938165522344,Serious,Foggy,Highway,8
13.050454331153935,79.62427346028565,Minor,Clear,Rural,7
13.024487283151306,78.92651848656693,Minor,Foggy,Highway,1
14.569308113438181,76.39569870456796,Serious,Rainy,Urban,12
19.81881940727954,72.82227285337503,Serious,Foggy,Rural,1
20.77814603633479,72.74040066842315,Minor,Clear,Highway,18
11.045367714846872,76.97479833563204,Minor,Rainy,Highway,6
13.040958082515033,78.97029618945658,Minor,Foggy,Rural,8
20.924782954887174,86.5195032402755,Fatal,Foggy,Rural,5
15.38722957059406,75.95118138294407,Minor,Rainy,Rural,23
18.91875013774458,73.13695029291782,Minor,Foggy,Rural,1
16.08280652776246,75.153251269206,Minor,Rainy,Highway,13
28.784998922836365,77.27890567471613,Minor,Foggy,Highway,19
21.251347089122863,72.70759970313978,Serious,Clear,Highway,16
14.0933299872719,79.83428668859327,Minor,Clear,Rural,14
12.63606301042023,77.4726879579434,Minor,Rainy,Highway,8
15.598837410169445,74.00155932403334,Minor,Foggy,Rural,17
27.79940848144931,76.54946035846928,Minor,Clear,Rural,17
14.921298827560639,76.27550530305244,Serious,Rainy,Rural,19
23.006232419478653,74.64458372738834,Serious,Foggy,Rural,3
18.69394737661491,73.56251377546614,Serious,Rainy,Highway,13
22.018361207059378,74.16658544377762,Minor,Rainy,Urban,3
21.102183611309865,72.74574932733904,Fatal,Foggy,Highway,11
18.610026265877615,73.71424081867929,Minor,Clear,Highway,6
16.403110447427483,75.29135392631363,Serious,Foggy,Highway,13
10.658526881255986,76.58377044804516,Minor,Clear,Highway,6
22.994742886547947,86.79604839381741,Serious,Rainy,Highway,12
21.019540742728,86.62515381813803,Minor,Clear,Urban,15
29.39143437685303,77.60433587712066,Minor,Foggy,Highway,20
20.525049003606505,73.54500727924963,Minor,Clear,Rural,7
18.692166463322355,73.47580556155832,Serious,Rainy,Urban,20
17.185072773387596,74.30150574188114,Minor,Clear,Highway,12
18.601258598732183,73.74845699241037,Minor,Rainy,Highway,10
22.787241933079322,77.35712838562206,Serious,Foggy,Highway,6
17.149044087388273,74.79783521579964,Minor,Foggy,Urban,8
22.231497298226916,88.01581036373693,Serious,Foggy,Highway,0
16.652734113299925,76.6683374054803,Serious,Foggy,Rural,17
22.441865929764226,88.22969369969688,Minor,Clear,Urban,7
19.575081361668413,78.25359275446279,Minor,Foggy,Highway,22
22.401979632685578,77.91666219569113,Serious,Clear,Rural,14
13.012296283611288,78.99999316389045,Minor,Foggy,Rural,2
29.38483192489791,77.0419761295896,Minor,Rainy,Urban,13
21.909409052591577,72.68028619422627,Minor,Rainy,Highway,16
16.18387937633058,75.61643905481861,Minor,Rainy,Urban,14
22.621566587747218,77.3404163205634,Minor,Clear,Urban,19
28.36062113948468,77.69463778205001,Serious,Clear,Urban,2
11.058971699002768,76.99626291347026,Minor,Clear,Highway,22
27.33570917229419,76.60749786544301,Minor,Foggy,Urban,6
11.12904044956414,76.7833154550534,Minor,Clear,Highway,21
29.02237975005618,77.14170794966057,Minor,Foggy,Urban,17
16.35844815561817,75.8809509449431,Minor,Clear,Highway,11
17.361894673028672,74.21688956862906,Serious,Clear,Highway,18
18.9491022050493,73.11410094661885,Minor,Foggy,Urban,18
26.893512722122445,76.41931467867528,Minor,Clear,Rural,21
20.333369211479805,85.86570265431891,Minor,Rainy,Highway,12
23.438426946001123,77.76337203000442,Serious,Foggy,Highway,11
20.904256202308467,72.71374507388384,Serious,Rainy,Rural,18
12.146815271131429,77.20992977979556,Serious,Clear,Highway,17
21.8557642608946,72.65175231734041,Serious,Clear,Rural,1
16.809036754393052,74.96984429448395,Serious,Rainy,Rural,7
14.525849341243587,79.69307032574652,Minor,Foggy,Highway,13
24.429588141323197,75.2767009166257,Minor,Foggy,Rural,14
29.637147670575853,76.96853538333811,Serious,Clear,Highway,22
14.93130178354455,77.56984469869428,Fatal,Clear,Rural,3
18.5331435662783,73.83512890848566,Serious,Rainy,Highway,1
12.071247726529222,77.21455071806724,Fatal,Foggy,Urban,5
18.993696645148862,73.06512644202171,Serious,Rainy,Highway,13
19.215563210855812,73.3419293712688,Minor,Foggy,Highway,8
15.631168099335857,74.13600079771041,Serious,Foggy,Highway,0
16.116629580544522,75.29069495301206,Serious,Rainy,Highway,12
20.8547405774083,72.75555050001051,Serious,Foggy,Rural,6
18.753641820521214,73.43221761127666,Serious,Rainy,Highway,3
27.835667842779674,76.53240785038943,Minor,Clear,Urban,4
19.741120292894497,74.94208955808145,Minor,Foggy,Rural,21
18.986266331536378,72.96924256070747,Serious,Clear,Rural,18
16.296735310993295,75.84418186658631,Serious,Rainy,Highway,5
27.615704498653646,76.76072809034129,Minor,Rainy,Rural,6
22.035303631850415,87.79298677593664,Fatal,Foggy,Urban,10
27.621616795084204,76.7588277712211,Serious,Foggy,Urban,0
23.544316967658283,86.55810687396502,Fatal,Rainy,Urban,21
16.939097473268202,77.37280940355885,Minor,Rainy,Urban,19
29.086601537983547,77.40431317665552,Serious,Clear,Rural,15
22.854942929518856,87.238452038175,Serious,Rainy,Urban,0
13.039911284641422,79.95429537586527,Fatal,Rainy,Highway,11
22.92302211265122,77.87767850444789,Serious,Foggy,Highway,9
22.746449107662354,87.76395674461956,Serious,Clear,Rural,10
13.017085131795323,78.63961615929536,Minor,Rainy,Rural,13
19.56033481277666,74.23716303389216,Serious,Clear,Urban,2
22.27455214104635,88.06612135802428,Minor,Foggy,Urban,15
22.751204487352872,87.54805356679272,Serious,Rainy,Urban,7
14.175146767370046,75.73918308886213,Minor,Clear,Urban,2
27.981809388590893,78.36109773379485,Minor,Clear,Rural,10
10.568158409118052,76.56045674650481,Fatal,Foggy,Rural,18
29.81019553004388,77.74866968056986,Minor,Clear,Rural,23
14.655251651587504,76.48234191258051,Serious,Clear,Urban,22
15.623284156790518,77.5284118595164,Serious,Rainy,Urban,17
20.900119757058775,78.4200634266385,Minor,Clear,Rural,11
13.21747051229822,80.22696553319814,Minor,Foggy,Rural,18
18.461096427375956,77.45161384517681,Serious,Rainy,Highway,12
17.75489719982151,73.90657539854887,Minor,Rainy,Urban,21
22.754663568968375,87.59445788555543,Minor,Foggy,Rural,9
17.002381677449385,77.5755420691217,Minor,Foggy,Highway,10
23.272731875668807,74.78142794920906,Minor,Foggy,Rural,16
28.24427916274045,76.88736175347474,Minor,Foggy,Highway,0
26.937926693364112,80.29809785710987,Minor,Clear,Rural,9
29.765739360016607,77.77944881173542,Minor,Rainy,Urban,22
15.51848288952065,73.92682993892306,Minor,Clear,Highway,12
12.998430258094542,78.14923279357825,Minor,Rainy,Urban,18
11.744198744543255,77.07047363025178,Minor,Foggy,Urban,4
13.483785927245208,77.23337261350576,Serious,Rainy,Urban,15
11.926909908919491,77.24746135678942,Minor,Foggy,Urban,4
20.71043838852089,77.88465357058841,Serious,Rainy,Highway,5
12.563998860239089,77.43560315391217,Minor,Foggy,Urban,15
10.976422267302292,76.72761208919317,Fatal,Foggy,Highway,11
12.986116133402367,78.40865014109647,Serious,Foggy,Urban,1
18.7368126167093,78.30377447919659,Minor,Rainy,Rural,8
12.839666334479139,77.56825139865039,Minor,Foggy,Highway,10
16.34489197006759,78.89638163644702,Minor,Foggy,Urban,23
27.52693485354386,76.29490015425678,Minor,Foggy,Highway,6
17.00609095852714,77.51701868708169,Minor,Clear,Highway,10
21.985580780549704,87.72010141168634,Fatal,Clear,Rural,1
20.46400941337912,76.94598245966452,Minor,Rainy,Highway,4
11.582784644738547,77.1757198766105,Minor,Rainy,Rural,20
18.6373370924113,73.71447964736419,Minor,Clear,Highway,16
30.235939233324295,76.84248273521162,Minor,Clear,Highway,3
11.194934400211322,76.81001298624398,Minor,Clear,Urban,8
21.649672510917085,74.00820952931986,Fatal,Clear,Highway,2
29.219221700164088,77.51904357786304,Minor,Clear,Highway,8
18.812090662294672,73.31112588013099,Fatal,Rainy,Highway,12
25.83491498566205,82.30766045520576,Minor,Foggy,Highway,17
13.873965279120894,76.23957785141447,Minor,Rainy,Rural,23
19.180172877073055,73.16384081215384,Serious,Foggy,Highway,4
14.076007171225209,77.53829404154943,Minor,Foggy,Rural,15
20.052748933507885,78.18825065613022,Minor,Clear,Rural,14
23.720965451094287,74.97292705637915,Serious,Rainy,Highway,9
16.96703872297199,74.86081109342118,Minor,Rainy,Highway,1
15.558988769273562,75.80332124962594,Minor,Foggy,Highway,22
23.001491972110177,86.7507602580222,Minor,Clear,Rural,5
28.76809814464068,77.16379908035844,Minor,Rainy,Highway,21
23.886484014819523,75.0379112814129,Serious,Rainy,Rural,10
19.928050678244766,75.51190446350884,Serious,Foggy,Highway,11
23.281258608893875,85.53860151290851,Serious,Clear,Rural,18
13.470467140606404,80.1039130586998,Minor,Foggy,Urban,0
19.393368830908134,73.80404529039296,Serious,Clear,Highway,15
13.067290920964524,79.71318114922545,Serious,Rainy,Urban,21
27.77940628373478,76.46225816241719,Minor,Clear,Highway,4
28.64656467514077,77.20644684490617,Minor,Rainy,Rural,16
12.490964321686391,77.41769724021285,Fatal,Foggy,Urban,18
24.609501100461447,77.6620076679364,Serious,Foggy,Urban,7
26.998577255846822,77.25516952259,Serious,Foggy,Urban,4
24.863224335731704,84.14560716141453,Fatal,Foggy,Urban,16
29.815249740532494,77.81799828872497,Minor,Foggy,Urban,16
11.91269531876889,77.2720706731201,Minor,Clear,Highway,10
23.03829510310997,74.6565760889404,Minor,Rainy,Highway,9
19.83534056099249,72.79414699345972,Serious,Clear,Highway,15
13.65850009593665,77.02317238232939,Minor,Rainy,Urban,7
13.715532084399767,77.57894803409607,Minor,Clear,Highway,21
26.257374773710318,76.12983619409691,Serious,Foggy,Urban,21
11.538407049495401,77.16243934400383,Serious,Rainy,Highway,3
16.258260296180286,75.62055488738635,Serious,Clear,Urban,19
17.41685339559229,77.4730500352201,Minor,Foggy,Urban,3
20.052581621695364,77.39727956616561,Minor,Clear,Urban,5
26.611285731086785,80.86689743631364,Fatal,Foggy,Urban,4
19.56204783391023,74.44560085594695,Minor,Clear,Rural,3
15.97287683567134,74.97524442225875,Minor,Foggy,Highway,6
11.70815474672626,77.20427703869807,Fatal,Clear,Rural,1
14.370008571345181,76.63434318653445,Serious,Foggy,Highway,10
12.362618085418987,77.40307260518935,Fatal,Rainy,Highway,2
27.619652294963632,79.05939741173044,Minor,Rainy,Highway,7
15.170005393832275,79.41323604909664,Minor,Clear,Rural,14
13.02041571616002,78.0843467563176,Minor,Foggy,Rural,1
16.914498677430313,77.36735485415619,Serious,Clear,Highway,6
16.369363599908624,78.91889704700856,Minor,Clear,Rural,21
17.53946406470437,74.06431897210473,Serious,Clear,Urban,0
15.7256542378637,74.4499894483055,Minor,Foggy,Rural,1
22.021507514191452,87.78096453808315,Fatal,Clear,Rural,0
19.248496265302467,73.42541729702367,Minor,Foggy,Highway,1
13.04915807257429,78.91802435705898,Serious,Rainy,Rural,4
19.764101216539533,73.20488616226025,Minor,Rainy,Urban,14
28.861443321292185,77.34530436509641,Minor,Clear,Rural,18
24.400443004570402,84.92064133142195,Minor,Clear,Rural,21
20.493983621771015,77.20177750372807,Serious,Foggy,Rural,5
11.157822030434643,76.80280070865521,Serious,Clear,Rural,4
30.310474888637195,76.85168205705477,Minor,Foggy,Rural,11
29.435363932457975,77.02250996430186,Fatal,Clear,Urban,1
19.252792105224362,73.39823148574271,Fatal,Clear,Highway,6
18.93493525420464,78.30259373530664,Serious,Rainy,Rural,18
27.349499763331647,76.14506563051835,Fatal,Clear,Rural,9
28.833625368294044,77.32383537105576,Serious,Clear,Urban,4
29.41923595756204,77.6002725126774,Serious,Rainy,Urban,18
27.33294759196585,76.15887660986027,Minor,Foggy,Rural,21
18.523658747267927,73.79089940270099,Minor,Foggy,Highway,21
28.88746679298932,77.31944890276381,Minor,Rainy,Urban,0
22.875082312616005,87.1291046001323,Serious,Clear,Urban,7
19.02903153018963,72.9483917366472,Minor,Foggy,Urban,2
11.956177258576421,77.24365371172007,Serious,Foggy,Rural,21
17.216753767157442,78.1043623744552,Serious,Foggy,Urban,17
28.471046597497295,77.0413323756218,Minor,Clear,Rural,5
22.141096883675157,72.65331528986701,Minor,Clear,Urban,19
20.93781416584994,73.71184224596055,Minor,Clear,Rural,13
30.29191488926389,76.87067351101138,Serious,Foggy,Urban,21
20.095936362922473,72.76879532359627,Minor,Rainy,Highway,12
13.720762027980376,76.50745854508513,Minor,Rainy,Urban,9
16.629969943035395,76.641284908854,Minor,Clear,Urban,14
15.611521154993454,74.13663302422646,Minor,Rainy,Highway,1
16.108890229159922,75.47617904460115,Minor,Rainy,Urban,19
12.802595175436695,77.55268126337667,Minor,Rainy,Urban,3
15.174029888761929,79.38210925602333,Serious,Rainy,Urban,18
28.557867676264397,77.15693218878191,Minor,Clear,Urban,7
13.013458343573198,78.92880380614693,Serious,Rainy,Rural,4
11.379967227168626,76.87975929752805,Serious,Foggy,Rural,1
29.25094540703974,77.06314529149469,Minor,Clear,Urban,3
18.917303930683712,73.11230319077664,Serious,Rainy,Rural,11
13.907083088549934,76.86081609710784,Serious,Clear,Urban,20
13.762402856226332,76.45540694678613,Fatal,Foggy,Highway,22
14.993546298966587,74.56873295483233,Minor,Rainy,Highway,9
15.199188478234746,79.40076890751003,Serious,Rainy,Urban,3
23.32832684988088,85.32904873753253,Minor,Foggy,Rural,7
26.54070036282354,77.46706464642446,Minor,Rainy,Urban,17
29.56039475540446,77.6561094526901,Minor,Rainy,Urban,15
25.470870900567135,75.75478514821478,Serious,Rainy,Urban,22
16.734345896728847,76.85591613918518,Minor,Foggy,Urban,22
18.7010364660648,78.3032641751886,Serious,Rainy,Highway,10
25.591488904118616,77.54802336931235,Minor,Clear,Rural,20
22.00719702224296,77.37141575227982,Minor,Rainy,Urban,4
22.91692948364558,86.94678973151974,Minor,Rainy,Urban,17
29.101227109477733,77.1186483146246,Serious,Foggy,Rural,16
14.996322730778083,79.46618863028188,Serious,Clear,Highway,9
20.870458705521976,86.47575696729635,Minor,Clear,Highway,2
18.60021146864912,73.6620685335164,Minor,Foggy,Urban,9
22.398539222942254,72.60587381979272,Minor,Foggy,Urban,7
17.032665520112,78.65199520307907,Fatal,Rainy,Urban,18
16.392078709978072,75.29375916936235,Minor,Foggy,Urban,9
22.945091348999274,86.78236753313037,Minor,Foggy,Rural,10
11.163014337764382,76.8135197107406,Serious,Rainy,Urban,11
21.49800475600923,87.13737074545857,Serious,Rainy,Rural,4
17.861253175191578,73.81571329365192,Minor,Clear,Urban,0
28.14575577263989,77.1884538931945,Serious,Foggy,Rural,3
23.688366527053827,77.76516366676076,Serious,Foggy,Urban,0
29.896364774836986,76.95215661893386,Serious,Foggy,Rural,19
22.88041643187493,72.61082039769524,Minor,Rainy,Urban,15
29.50746814935264,77.63059788663173,Minor,Rainy,Urban,12
16.261783815824714,75.02811710256857,Serious,Rainy,Urban,22
23.03548445572916,86.43850636611114,Fatal,Clear,Urban,17
16.716617917289685,78.77394339481334,Minor,Clear,Urban,15
15.639405848140855,74.19371360536988,Minor,Clear,Rural,9
11.814780038868687,77.23485890284269,Minor,Rainy,Highway,0
17.017250258848915,77.51789768155959,Minor,Clear,Rural,18
16.973776707680027,77.42922348800876,Serious,Foggy,Rural,19
12.29844661285185,77.38485746064302,Minor,Clear,Urban,3
19.73938371626161,72.8003009454809,Serious,Clear,Highway,14
23.781987125935334,86.0464190989372,Minor,Clear,Rural,4
18.820677405971054,73.28755462532975,Minor,Foggy,Urban,11
17.55040645309386,78.47290640606286,Minor,Rainy,Rural,1
17.687388902107262,73.95979253598829,Minor,Foggy,Rural,4
29.351427534886227,77.02060830363786,Serious,Rainy,Urban,8
11.076484756191727,76.75454263328565,Fatal,Clear,Highway,11
20.664840293157607,78.07909701411377,Minor,Clear,Urban,7
23.041924401860918,86.44088142451749,Minor,Rainy,Highway,0
22.747457855006033,87.62287199085344,Serious,Clear,Urban,4
21.26391744691441,86.86519153456118,Minor,Rainy,Rural,0
13.034204792288799,79.6683844145863,Serious,Foggy,Urban,2
17.965253305926765,73.72242989057443,Minor,Foggy,Urban,11
14.941781142990603,79.49438114648038,Minor,Rainy,Rural,15
14.026482591253176,76.77985595525041,Minor,Clear,Rural,6
18.69647444565039,73.56025658716902,Minor,Clear,Urban,4
12.728621876025368,77.49562758834892,Serious,Clear,Urban,12
11.841523165565773,77.06901722848336,Minor,Clear,Urban,0
22.27298574384275,88.05775488630785,Minor,Foggy,Rural,0
13.72962723808949,76.4729282432989,Minor,Rainy,Highway,17
28.844100519877287,77.30648693885257,Minor,Rainy,Rural,19
29.279061467886315,77.54764607487208,Minor,Clear,Urban,12
22.727071651498672,87.6246811482264,Minor,Clear,Highway,7
20.082750134231933,75.94824108756342,Fatal,Rainy,Urban,11
20.81900413012198,77.38609833060656,Minor,Rainy,Highway,10
13.005863531961111,78.35455281428561,Minor,Rainy,Urban,5
22.760780111030556,72.59764705516528,Minor,Clear,Highway,23
28.194623717026506,77.27754473207021,Minor,Rainy,Rural,6
28.31100672479112,77.2244980012656,Minor,Foggy,Urban,17
19.93721168310098,77.41257053622894,Serious,Clear,Urban,11
21.489625616009953,87.15155809073805,Serious,Clear,Highway,3
18.82533265591133,73.27301800633467,Fatal,Clear,Rural,10
17.962083190156637,74.23601232853332,Serious,Clear,Highway,2
20.809855936798364,77.37983378660222,Serious,Foggy,Urban,20
12.019328994488154,77.26787685601458,Minor,Clear,Urban,19
11.610052651221025,76.9782494643207,Serious,Clear,Urban,3
16.18784767983979,75.13441594379944,Minor,Foggy,Urban,21
26.303073778129832,77.26888187030352,Serious,Clear,Urban,18
15.827097189814788,77.53649108021031,Minor,Foggy,Highway,21
14.972596667573226,74.64142361380053,Minor,Rainy,Urban,4
16.491721246962225,74.86068438562664,Minor,Rainy,Rural,18
19.122081803435663,72.98192174124087,Minor,Clear,Highway,2
26.159456076251608,77.28188209754396,Minor,Foggy,Rural,2
20.638422935367448,86.18535525387907,Serious,Rainy,Urban,17
13.065006887764556,79.69050254351241,Minor,Rainy,Rural,9
28.160057443983135,76.87101885912828,Serious,Foggy,Urban,18
30.21071459205488,78.00776237486198,Minor,Rainy,Urban,11
17.291256484749244,74.71018462928421,Minor,Foggy,Urban,0
27.631504725789764,76.4168374836073,Serious,Rainy,Rural,10
13.064403916310594,79.99669049118788,Minor,Rainy,Urban,16
12.987742311170226,78.49708231729646,Minor,Clear,Highway,17
13.028529087781875,79.13242176355041,Minor,Rainy,Highway,11
10.234002793691081,76.43154585749097,Serious,Rainy,Highway,4
16.501322088522986,76.30831662568738,Serious,Foggy,Urban,23
23.278723684534995,85.5132275663154,Serious,Rainy,Highway,7
15.734327428508657,74.37127505365643,Serious,Clear,Highway,10
20.52135919503836,86.10512062012761,Minor,Rainy,Highway,9
21.048614485741968,86.64160573126593,Serious,Clear,Rural,10
19.020962772293647,72.87531947204646,Serious,Foggy,Rural,13
19.020613960994094,72.91228040789268,Minor,Foggy,Highway,21
20.85469572045905,72.71914502527378,Serious,Rainy,Urban,4
25.963890040113956,77.25685654504153,Minor,Foggy,Rural,18
14.323466781339006,77.55371514304628,Minor,Rainy,Highway,21
11.042023239761528,76.75429925056301,Minor,Rainy,Highway,11
18.551763890155577,73.83509150218217,Minor,Foggy,Highway,1
30.25031478932137,76.90148934871743,Minor,Clear,Urban,21
21.77768822256991,87.47752905721893,Serious,Rainy,Highway,19
21.80224632445316,87.50149514157219,Fatal,Rainy,Urban,20
30.135985376730815,77.9259153629693,Serious,Clear,Highway,12
20.297961415957108,73.44117009332062,Serious,Rainy,Rural,21
19.758193119303733,74.89416781728714,Minor,Clear,Rural,19
12.29539140882457,77.3804330306393,Minor,Clear,Rural,8
29.477278460934613,77.61776853825886,Minor,Rainy,Rural,3
24.53614306074163,84.68544345262205,Serious,Foggy,Highway,2
19.75159576832374,73.16759052228733,Minor,Foggy,Rural,17
24.571532027426723,77.66392189563405,Serious,Foggy,Highway,20
15.3021631373332,79.32790777088056,Serious,Foggy,Highway,15
25.080225426856934,75.60268216415724,Minor,Foggy,Urban,4
12.88945205116977,77.53221360156816,Serious,Foggy,Urban,8
20.523119876627664,86.06758818270048,Minor,Foggy,Urban,16
17.35724544825978,74.1773594012693,Minor,Clear,Rural,15
20.912447848765513,78.42159817141457,Minor,Foggy,Rural,22
18.686585678156487,73.54465531544564,Minor,Foggy,Highway,6
27.26482374863338,76.06121146769954,Minor,Rainy,Rural,16
28.29770057020838,76.9571084621177,Minor,Foggy,Highway,5
17.499577194933423,74.52915754947432,Fatal,Clear,Urban,13
12.621464712082814,77.41256645007924,Minor,Clear,Rural,15
29.351567608204935,77.04336417214118,Minor,Clear,Rural,9
13.063002707003225,80.100668027172,Serious,Rainy,Urban,22
24.844702147250963,77.2704799632989,Minor,Foggy,Highway,19
14.49603591409174,79.66598305218693,Serious,Rainy,Highway,17
11.834419087932234,77.2313980506962,Minor,Rainy,Rural,17
11.71393190740011,77.18275846331935,Serious,Foggy,Urban,21
21.844943877468232,72.67810820708543,Serious,Clear,Rural,9
12.695163050946642,77.50468380990401,Minor,Rainy,Rural,5
22.305570342365858,72.63622454067632,Minor,Rainy,Urban,4
13.00421724387443,79.12784181600651,Serious,Rainy,Urban,21
16.22468816263409,75.62783253050176,Minor,Rainy,Urban,0
12.989266246299524,78.13589460838043,Minor,Foggy,Rural,23
22.639764130779866,88.08606874904464,Minor,Clear,Urban,14
24.893271006282905,77.63958528557633,Serious,Clear,Rural,22
20.92112684337164,86.46196321756553,Fatal,Clear,Rural,6
22.172554598004247,77.9264394908463,Serious,Rainy,Highway,8
16.89459341899806,77.34839771128284,Minor,Clear,Rural,7
29.476058382868146,77.63734133758138,Serious,Clear,Urban,5
11.041149921696812,76.99599973307872,Minor,Rainy,Urban,3
13.31723206504188,80.17746227083663,Fatal,Rainy,Highway,5
29.88510553184141,76.93064633413388,Serious,Clear,Rural,12
10.218892721456323,76.36060601929762,Minor,Rainy,Rural,17
27.353757989268246,76.10232032126967,Serious,Rainy,Highway,13
29.271263274569165,77.49928346920426,Serious,Foggy,Rural,4
21.744557827462238,77.39095494140975,Minor,Rainy,Rural,14
11.60262978507581,77.1465060545005,Minor,Rainy,Urban,10
27.18164834420751,77.34562759534582,Serious,Foggy,Highway,5
18.753125988676587,73.47672588500973,Minor,Foggy,Rural,13
28.157269809573013,77.25319754856562,Serious,Rainy,Urban,9
18.24975364930416,78.38280250443047,Fatal,Rainy,Highway,19
12.965545354546158,78.00773439784406,Serious,Clear,Urban,19
23.24272429844133,85.65188297466102,Minor,Foggy,Highway,4
20.483128789062846,85.99713399517657,Minor,Foggy,Rural,9
22.559650059667792,77.89863038919567,Minor,Rainy,Highway,13
22.269362663904506,72.61929049323348,Serious,Clear,Rural,22
30.137319556773583,77.94456416835138,Serious,Rainy,Highway,16
15.877008953415471,74.82923768272505,Minor,Foggy,Highway,9
20.27090283572083,76.50858714664156,Minor,Rainy,Highway,22
14.908134339538522,76.27673442088333,Serious,Clear,Urban,10
10.543654801415933,76.52415889801894,Serious,Foggy,Urban,22
20.501142869781336,73.49820940446209,Serious,Rainy,Highway,15
19.802338663882885,78.21989781371259,Minor,Rainy,Rural,11
17.211431171570258,78.53185331264704,Serious,Rainy,Rural,10
27.257248262459594,76.08417979651209,Minor,Foggy,Highway,4
11.162935279579374,76.78246143659234,Serious,Rainy,Urban,0
28.208848660072224,76.86993736874398,Minor,Foggy,Rural,11
22.675342449649243,88.00736531985261,Minor,Foggy,Urban,20
23.052767566066446,86.42778833634873,Minor,Rainy,Urban,19
19.50083116328022,74.17567397394367,Minor,Foggy,Rural,4
20.449027476966776,72.7982455020497,Serious,Foggy,Urban,0
25.78728935922521,77.24937784079263,Minor,Clear,Urban,0
20.499492474439194,77.14058726434038,Fatal,Clear,Urban,15
21.589953948949656,87.2487677632435,Serious,Foggy,Urban,6
22.147508282257945,87.92938752502653,Serious,Rainy,Urban,4
13.038251681219958,79.1868490817645,Minor,Rainy,Rural,22
27.326694165727226,76.1033155168166,Serious,Clear,Urban,14
21.215363562307367,86.87485054241571,Serious,Clear,Highway,22
11.569076184593058,77.12536659895379,Fatal,Foggy,Urban,20
19.28732288880222,72.87508692009602,Minor,Clear,Highway,11
18.268393999678906,73.46290075706378,Minor,Foggy,Urban,14
15.600870593911841,79.18577899398535,Minor,Clear,Rural,14
20.509945931742298,73.55044579359813,Minor,Clear,Rural,13
19.506626578637544,73.07807422130561,Minor,Rainy,Urban,23
19.054701227494583,72.96607126575276,Serious,Rainy,Urban,23
13.992360640305874,79.87719342545977,Minor,Rainy,Highway,21
22.811799761862826,87.53795894418141,Minor,Rainy,Rural,7
29.69795395476996,77.0001600954667,Minor,Rainy,Highway,17
22.7654698103455,87.44648408636452,Minor,Rainy,Urban,19
29.582470038165276,76.97491685891015,Minor,Rainy,Urban,10
18.566357838685256,73.78684314187214,Minor,Clear,Highway,22
27.033191385340867,76.4818646443715,Minor,Clear,Urban,8
12.873030167167489,77.57824854637519,Minor,Rainy,Urban,1
24.03792843134138,75.13330909291693,Serious,Rainy,Highway,16
12.205842041622626,77.23815982991985,Minor,Foggy,Urban,9
13.76950269671964,76.41984700845558,Fatal,Clear,Rural,12
26.214934456874573,77.46418802047233,Minor,Clear,Urban,11
24.34543079642422,85.06134828327285,Serious,Clear,Urban,7
11.21160810175311,76.84156970510006,Minor,Rainy,Rural,4
20.418004610673133,76.97516939663224,Serious,Rainy,Rural,10
16.06970091621941,75.52498829862206,Minor,Foggy,Urban,15
26.935142051263334,77.26009151327868,Minor,Foggy,Urban,21
12.854589955970216,77.52026278197562,Serious,Clear,Urban,20
10.97634691535234,76.73486478116689,Serious,Rainy,Rural,6
18.933290729790826,73.06688164805948,Minor,Clear,Urban,18
14.311075795928057,75.59740048555105,Serious,Clear,Urban,18
16.319928606725327,78.90617715916389,Minor,Rainy,Rural,12
29.632572964472892,77.68648180858415,Minor,Foggy,Urban,1
13.005012854879213,78.87904677589702,Minor,Rainy,Highway,15
20.94393481999463,78.46558919010748,Minor,Clear,Highway,13
18.83282610726648,73.31203871451844,Minor,Clear,Rural,1
19.301790852340844,72.87350085087427,Minor,Clear,Rural,20
13.74182902727293,76.46621320282594,Minor,Rainy,Highway,15
30.00531297400556,77.89450677918563,Minor,Clear,Highway,15
28.93919681548145,77.36412524778274,Minor,Foggy,Rural,20
22.78517809485839,87.49154198869813,Serious,Clear,Highway,21
24.043895929219982,85.67358951571794,Minor,Rainy,Highway,1
16.042083151719492,79.02522235242795,Serious,Clear,Highway,19
28.723108796893513,77.23234385686733,Serious,Clear,Urban,13
26.23418922035834,77.44084611112908,Minor,Clear,Highway,12
28.35065203290383,77.00878304133062,Serious,Rainy,Highway,3
13.002398450008508,78.52610557445111,Minor,Rainy,Rural,14
13.751445678176374,80.01598793860165,Serious,Clear,Urban,23
29.331202512245415,77.56609720919167,Minor,Clear,Urban,6
23.58896770001342,86.51551116158758,Serious,Rainy,Urban,7
18.632985406821028,73.6894833156599,Minor,Clear,Urban,11
18.25956450510088,74.00268230513535,Serious,Foggy,Urban,8
25.78755649713583,75.90510443317747,Minor,Rainy,Rural,10
21.14311934930271,72.69240787452118,Minor,Foggy,Highway,17
17.73074247284285,78.4320592009169,Serious,Clear,Urban,19
11.55572529727759,76.94503166170023,Minor,Clear,Highway,15
18.543107230793066,73.83594029848824,Serious,Rainy,Rural,21
17.260134092181975,78.13992848768234,Serious,Clear,Highway,6
14.2500692607442,76.7191909311357,Minor,Foggy,Rural,17
11.455108546240515,76.92198392418742,Minor,Foggy,Highway,18
18.33711063410498,73.96400811556016,Serious,Clear,Urban,23
11.949480516014575,77.1574049780943,Minor,Foggy,Urban,7
15.304819988282313,79.36998856463744,Minor,Foggy,Highway,8
24.3127245314441,77.70072915582654,Serious,Clear,Highway,15
18.550165981438123,73.7414830340899,Minor,Rainy,Rural,19
27.42310718560157,79.37425487681782,Minor,Clear,Highway,20
23.108284701983305,87.34348668516192,Serious,Clear,Urban,12
22.62398297595914,88.03752495824327,Fatal,Foggy,Urban,2
28.14876089659289,77.21762473241867,Minor,Foggy,Rural,12
22.522473194459295,72.63096078755,Minor,Rainy,Urban,5
16.79367904048853,75.01949694116763,Minor,Foggy,Highway,17
18.865315947772842,73.17544104494883,Minor,Foggy,Highway,17
16.971569882834242,77.49469795920795,Minor,Foggy,Highway,2
14.781408630402616,79.5540895169047,Minor,Clear,Rural,22
12.877020323672747,77.55446813943853,Serious,Foggy,Highway,15
12.155964474699507,77.22268231103503,Fatal,Foggy,Urban,14
12.99056776819311,77.57256128092114,Minor,Clear,Highway,4
22.517991684858014,74.47239923699908,Serious,Clear,Highway,16
14.708207277420765,76.41723324162282,Minor,Foggy,Urban,3
23.654691356539935,86.344609904755,Fatal,Rainy,Highway,3
16.872965820803582,77.17133269254548,Minor,Foggy,Urban,17
13.043101932847359,79.57886206775389,Minor,Foggy,Highway,1
18.782844030753925,73.43128026237206,Minor,Rainy,Urban,10
16.240648118166533,75.64953093674627,Minor,Clear,Rural,0
29.322914995025375,77.5443164441317,Fatal,Clear,Highway,2
16.780758558762873,74.67723385574345,Minor,Rainy,Urban,7
16.152466484490212,78.97692605912259,Minor,Clear,Urban,17
12.948816821315605,77.74630783988864,Minor,Foggy,Rural,10
21.77804816533933,74.10622126613404,Minor,Foggy,Highway,18
16.708758607839563,78.75621688520815,Minor,Clear,Urban,8
15.701000851340241,74.29766759760118,Minor,Foggy,Urban,11
30.243762151119785,77.99917587384306,Minor,Rainy,Urban,9
24.79508330210467,84.29375301215964,Minor,Rainy,Urban,15
21.953648925962213,87.68157098906535,Minor,Foggy,Urban,19
13.144721356977236,77.3096243049938,Minor,Rainy,Highway,23
15.844105926316775,79.13892724354933,Minor,Clear,Urban,9
24.318061137265683,85.10920601598242,Minor,Clear,Rural,16
22.891548610086915,74.57522836018288,Serious,Foggy,Urban,17
27.239651932088485,76.06428065247174,Serious,Foggy,Rural,14
14.16457182840918,75.85743584662563,Serious,Clear,Highway,4
26.94290947581149,75.83991131307137,Minor,Rainy,Urban,15
15.297008062415214,74.15598008145538,Minor,Rainy,Urban,5
19.628706329003315,74.60560574258152,Fatal,Rainy,Urban,12
14.648905834771034,75.09214093841467,Serious,Clear,Rural,7
28.79309887254218,77.31972420966716,Serious,Foggy,Highway,4
22.421981585448755,88.19706138919175,Minor,Foggy,Urban,14
29.560423954357145,77.6861386168881,Fatal,Foggy,Rural,1
18.458541738662277,77.42623701614362,Serious,Rainy,Urban,11
19.865603960748654,73.25094838067126,Serious,Rainy,Rural,20
19.39049960945253,73.73601032000919,Fatal,Clear,Urban,2
18.746655033152674,73.47927071985953,Serious,Clear,Urban,14
18.640560574628818,73.1668674172332,Minor,Clear,Urban,3
22.82613736939099,87.339111091589,Minor,Rainy,Rural,1
24.618271414646,75.40310511111193,Minor,Foggy,Highway,20
27.79184559785321,76.8507018688558,Minor,Foggy,Rural,9
13.638774609578611,77.0563674730391,Minor,Clear,Urban,18
30.411508000075603,76.80862794002829,Minor,Clear,Rural,16
20.833156259901973,86.44611609449244,Serious,Foggy,Rural,10
17.45658859627471,74.10656948894307,Serious,Clear,Highway,20
30.341397919201604,76.85009048314765,Minor,Rainy,Rural,12
13.989385449911996,76.9122038921982,Minor,Foggy,Urban,8
22.621586737356555,88.24452425873551,Minor,Clear,Urban,13
19.193620050964963,73.29562400382558,Minor,Foggy,Highway,6
14.261078493484346,75.69866813507187,Fatal,Rainy,Highway,22
22.735154924372484,72.62907353425464,Serious,Clear,Rural,8
28.406025493759877,77.58724370803557,Serious,Rainy,Urban,0
15.369940857103115,75.94752636810631,Fatal,Foggy,Urban,12
19.311500808149933,73.62802077049673,Serious,Foggy,Rural,4
23.12313753556604,86.2977378451026,Minor,Rainy,Highway,2
16.53198157190079,75.18887834098133,Serious,Clear,Rural,10
15.789846141759782,74.50648592009281,Serious,Clear,Urban,4
12.983165045684215,77.81360433429785,Serious,Rainy,Rural,1
29.577529662274898,77.64259853703135,Minor,Foggy,Urban,14
11.702403456997757,77.05384475859196,Serious,Clear,Rural,2
27.850914929020576,76.58928143284743,Serious,Rainy,Urban,13
13.013485877808801,77.56074363481738,Minor,Foggy,Urban,4
14.29566688030935,75.6648871160578,Minor,Rainy,Rural,15
14.242984613343719,76.61325194868733,Minor,Rainy,Urban,15
13.677533668831535,80.02873671215872,Minor,Foggy,Highway,18
27.278085732134453,76.094102679119,Serious,Foggy,Urban,23
25.30485557747186,77.27028078231476,Minor,Clear,Highway,22
24.774330981572685,75.44725904466824,Fatal,Foggy,Rural,12
22.238034009858005,72.62002923732241,Minor,Rainy,Rural,22
11.272779385515008,77.05816966995484,Minor,Clear,Highway,13
14.62124345693334,79.62108110170996,Minor,Rainy,Urban,14
21.703456267590383,87.38104064217082,Minor,Rainy,Rural,15
12.859723189714071,77.55107331789696,Fatal,Clear,Highway,1
30.68686740852698,76.771607698368,Minor,Rainy,Urban,12
15.007836809504383,79.46721430577776,Minor,Clear,Rural,11
16.981813993742495,77.42537395195554,Serious,Rainy,Rural,13
14.230529285581026,75.67020549084422,Minor,Clear,Highway,21
19.409144886202597,72.83591394735214,Minor,Clear,Urban,1
20.007046469852252,75.6737356890043,Serious,Foggy,Highway,9
21.006217737233737,72.7390473902665,Minor,Foggy,Urban,14
22.926143064459552,77.32520219507026,Serious,Foggy,Highway,8
20.12864156480906,73.32560586958995,Minor,Rainy,Highway,7
12.976641030674003,77.57252202419404,Minor,Clear,Highway,5
13.032130293974852,79.8121017326423,Serious,Rainy,Urban,3
13.033228521190312,78.62392495141746,Fatal,Rainy,Highway,7
21.726373008686576,72.64922769427335,Minor,Clear,Rural,23
15.059493648096804,74.47104660364157,Minor,Clear,Urban,18
27.600644372090343,76.38835653368476,Minor,Foggy,Highway,2
20.997098955311788,72.71010190449454,Serious,Clear,Urban,11
22.861113196945656,87.28743786649702,Minor,Rainy,Highway,14
27.117323380365846,75.91972906740554,Serious,Foggy,Highway,2
12.58746182376903,77.41182845695856,Serious,Foggy,Highway,6
14.142984833816246,75.83046257231547,Minor,Clear,Rural,20
13.046349664024547,80.202471597521,Fatal,Foggy,Highway,21
30.12588797430896,77.96030749516869,Minor,Foggy,Rural,6
25.710760822473972,82.53671022690702,Minor,Rainy,Urban,6
11.183487985868531,76.79320633258652,Minor,Foggy,Highway,7
17.07106990221222,77.74150464585887,Serious,Clear,Rural,6
22.066461952416724,74.23859436127674,Serious,Rainy,Urban,8
17.52215023948937,74.09385180496083,Fatal,Clear,Rural,5
14.676936103612562,79.59440060395485,Minor,Clear,Urban,9
29.848943915804938,77.81430242130872,Minor,Clear,Urban,11
21.007486321140377,86.60064219852376,Minor,Clear,Highway,18
17.17619090127851,78.5336757030712,Serious,Foggy,Urban,13
13.176012165795163,77.44212889252647,Minor,Rainy,Rural,17
15.655709255565883,75.76649188344146,Minor,Foggy,Highway,19
30.295622139880738,78.02065331798765,Minor,Foggy,Urban,3
22.494607610594052,88.2231621668866,Minor,Clear,Urban,1
28.79525799929052,77.27146062754748,Fatal,Clear,Highway,2
23.308995439170143,85.38277907444565,Minor,Foggy,Urban,11
20.546428307639168,86.11251120942543,Minor,Rainy,Highway,4
28.600287539496264,77.18534403925679,Fatal,Foggy,Highway,3
19.207449590567553,72.84683626774412,Minor,Rainy,Highway,6
13.403780095730982,77.2332437806159,Minor,Rainy,Urban,12
20.3870076433938,85.87849677215624,Minor,Foggy,Urban,17
23.093965004539506,86.31417939562051,Serious,Foggy,Urban,5
13.063867031110664,80.25578286820186,Fatal,Foggy,Rural,15
29.11589355210249,77.47432733228824,Fatal,Rainy,Rural,13
18.753275021522267,73.42641566018385,Minor,Foggy,Highway,10
13.849467893436833,76.2903136759878,Serious,Rainy,Rural,8
19.095608863060278,72.8593084946164,Serious,Clear,Rural,10
15.518962768275857,73.95903949887432,Serious,Rainy,Highway,11
10.844697996160033,76.66606333513977,Serious,Clear,Rural,12
24.774878138794453,75.48944851932818,Serious,Foggy,Highway,11
19.2585055491079,72.85674823612571,Minor,Clear,Rural,8
15.104023795729397,75.91582092468518,Minor,Foggy,Highway,23
18.81474427596304,73.33254025694434,Minor,Foggy,Rural,16
16.173319428755093,75.08189399111492,Minor,Rainy,Rural,19
12.977244209143082,77.57546699306629,Minor,Rainy,Urban,8
22.70081691490945,72.59559124189352,Serious,Clear,Highway,2
23.06700555972026,86.31743798698817,Minor,Rainy,Rural,0
23.1947590964881,87.22847811942778,Minor,Foggy,Urban,23
18.295041728352878,73.50215687586693,Fatal,Foggy,Urban,6
11.377571766674551,77.10055913207023,Minor,Foggy,Rural,16
15.280675651119399,74.17259786834997,Serious,Foggy,Rural,1
15.808876373904488,79.13254877502455,Fatal,Rainy,Rural,10
22.17590600251178,72.66990790408147,Minor,Clear,Rural,12
16.27865650696243,75.73658178688879,Minor,Clear,Highway,3
28.08774709084919,78.18117292944392,Minor,Foggy,Highway,15
20.79927774673759,86.38760645175174,Minor,Foggy,Rural,16
22.965868198978193,72.60988354590434,Minor,Rainy,Highway,12
18.65314093531231,73.609910436765,Minor,Clear,Urban,16
16.29532173807212,78.95881380152751,Minor,Rainy,Highway,8
25.67829690648503,77.53981643551424,Minor,Rainy,Rural,9
23.34217112318564,86.97074803983226,Minor,Rainy,Rural,21
28.031248878237218,76.71003338429828,Fatal,Clear,Highway,8
27.543456090345853,79.19476226258652,Minor,Clear,Rural,21
22.50727328411872,88.28508734455545,Minor,Rainy,Highway,12
18.64428812107418,73.65124798937917,Minor,Foggy,Rural,22
24.284684241875777,75.23948828123247,Serious,Rainy,Highway,22
29.63193530534093,77.70388158084303,Fatal,Foggy,Urban,7
29.365807134369053,77.06338270454906,Minor,Clear,Urban,18
29.541188279517296,77.67730064514075,Serious,Rainy,Highway,11
20.902520442489188,77.39381921705143,Minor,Clear,Rural,17
16.499064163765087,74.86032220723915,Serious,Foggy,Rural,5
19.96678007448102,72.78056147362966,Minor,Clear,Urban,14
13.045983761459734,80.16989349083227,Minor,Foggy,Rural,13
11.07952267640884,76.96143545269418,Minor,Clear,Highway,17
12.148578951748835,77.32485262350909,Minor,Clear,Rural,16
25.471382271670052,77.29150893663216,Minor,Foggy,Urban,15
15.233781087760368,74.1857820441558,Serious,Foggy,Highway,19
19.241614087664257,78.28965094869375,Serious,Foggy,Rural,14
27.288740662275362,77.21813022441461,Minor,Foggy,Highway,2
29.621512405149076,77.0147312368427,Serious,Rainy,Highway,21
21.80843305238542,72.65006585723702,Minor,Clear,Urban,19
14.073525531174539,76.83737394383657,Serious,Clear,Highway,1
12.768829738315297,77.54122295233167,Minor,Clear,Rural,7
17.9197870755524,78.39269424426219,Fatal,Foggy,Urban,17
21.87022910557014,87.59177713242153,Minor,Clear,Urban,11
27.75725484892832,76.44975405533351,Minor,Foggy,Highway,9
20.700738778983574,77.83165996211139,Serious,Rainy,Rural,1
19.970749438880507,75.59160561240503,Fatal,Clear,Urban,13
13.159816727932808,77.29812703331578,Minor,Clear,Rural,15
25.82890055529176,82.27385148609575,Fatal,Foggy,Rural,23
30.51627005386492,76.84282923307035,Fatal,Foggy,Urban,23
17.123928047863693,77.84650438992198,Serious,Foggy,Urban,2
28.023710044921046,76.70160568651676,Serious,Clear,Urban,14
19.077565964413676,78.265266812635,Serious,Clear,Urban,1
22.721777098038757,72.59350900966943,Minor,Foggy,Highway,10
21.572307842982866,74.03936562685595,Minor,Clear,Urban,9
13.331472577405197,77.28270300953398,Minor,Foggy,Urban,7
19.615057035382474,74.46716080075947,Fatal,Rainy,Urban,3
13.761284734683622,76.39119391123664,Minor,Clear,Rural,20
12.033679620653245,77.30847502819603,Serious,Foggy,Urban,7
24.639116231529,84.49934896154531,Minor,Rainy,Rural,18
29.71286204287425,77.718081416971,Minor,Clear,Highway,0
27.081420721099832,76.51443451436411,Minor,Foggy,Rural,16
22.90314013886786,86.93266976222408,Minor,Foggy,Highway,21
16.27439442266624,78.9323529633543,Minor,Foggy,Highway,8
13.077589295250945,80.18902930484906,Serious,Foggy,Rural,2
13.784992817316276,77.02630129803232,Minor,Foggy,Highway,20
13.011630355206096,78.26429902871072,Minor,Rainy,Urban,7
23.65633899614686,77.73837961906514,Minor,Clear,Rural,14
30.408944991346278,76.85438402973519,Minor,Rainy,Highway,7
19.23065444677418,73.34622319813367,Minor,Foggy,Highway,8
28.861237274103825,77.15822635739181,Serious,Rainy,Rural,13
30.57737309281488,76.82522874087135,Minor,Rainy,Highway,9
13.668589982796467,76.51035801423136,Minor,Foggy,Urban,18
26.199985472682386,76.12019304935154,Serious,Clear,Highway,16
13.02146315850107,78.9433280765749,Serious,Clear,Highway,16
13.043949436611669,79.45704719282978,Minor,Rainy,Highway,13
28.930230328503423,77.34599826851904,Fatal,Clear,Highway,15
27.87450879800189,78.55086366257618,Fatal,Foggy,Rural,1
14.519983996865422,75.20771803529178,Serious,Foggy,Urban,12
16.919508328197427,74.49669663612113,Serious,Foggy,Urban,12
18.2336595371495,74.03762219503716,Minor,Foggy,Urban,6
11.674601545640595,77.16052609560961,Serious,Clear,Urban,18
25.927511829621874,82.16452051030807,Minor,Rainy,Rural,3
28.258007298218043,77.02829012906572,Minor,Rainy,Urban,0
13.12667990639728,80.27634836796722,Serious,Clear,Urban,14
16.94426034625796,77.39296699456328,Minor,Foggy,Urban,4
18.92028828476129,73.10198835027651,Serious,Foggy,Highway,2
21.860684748752057,72.68983735030821,Minor,Clear,Rural,11
15.82915476261248,74.62157327650127,Fatal,Rainy,Rural,5
11.08822448303679,76.76389896225349,Minor,Clear,Urban,11
19.019683661663557,72.97570909413118,Minor,Rainy,Rural,0
27.7737187520762,76.49337369109669,Minor,Clear,Urban,13
21.703887273981138,74.04651028704426,Minor,Rainy,Rural,8
20.478710330523292,78.13855843034277,Minor,Foggy,Urban,1
18.72986969074305,73.48364508701644,Fatal,Clear,Highway,9
16.065865012407716,75.15445885791813,Minor,Foggy,Urban,0
19.13930041728948,78.27908173676562,Fatal,Foggy,Highway,0
22.91693113687974,87.75358032533134,Minor,Rainy,Rural,8
27.916858477810216,76.60107382991433,Fatal,Foggy,Rural,16
22.956244444307774,74.62367892598327,Minor,Rainy,Highway,11
20.864297917277597,86.46024322765312,Minor,Foggy,Highway,18
29.685101703333796,77.75619955399361,Serious,Clear,Highway,0
13.473813845889177,77.18807857756603,Minor,Foggy,Urban,17
14.066477810564379,76.76681273695627,Serious,Foggy,Highway,22
22.67559116151974,77.34954572385291,Minor,Foggy,Urban,21
29.87950609474393,77.8442049514224,Minor,Foggy,Rural,22
13.016413352069739,79.39000425644609,Serious,Clear,Rural,18
10.114569149632565,76.32751239145409,Serious,Rainy,Urban,18
13.028084422689972,78.94948920824869,Minor,Rainy,Urban,3
27.654615589924614,76.36466138989458,Minor,Clear,Urban,9
12.991938908188603,78.71334587862123,Minor,Clear,Urban,5
20.575861702959102,86.13064463271586,Minor,Rainy,Highway,19
12.009357893019414,77.15269175744433,Minor,Foggy,Urban,18
24.172275744786283,85.42482364111942,Minor,Rainy,Highway,16
30.261876050962467,78.01720098464256,Serious,Rainy,Rural,12
17.11234605282861,77.78604220815753,Serious,Foggy,Highway,4
22.78929897328177,87.52705487208578,Fatal,Rainy,Highway,14
28.207643120516366,76.85967338511577,Minor,Rainy,Rural,20
21.363180418874716,86.97917566460504,Serious,Rainy,Urban,6
23.281161378177835,85.63254431506985,Fatal,Rainy,Highway,18
27.057633809245367,76.46359370124975,Serious,Clear,Urban,20
13.072809163687442,79.57227428236641,Minor,Rainy,Highway,8
20.257561436122455,76.38535318984407,Serious,Clear,Urban,5
15.885467285665538,79.0873825474539,Minor,Rainy,Urban,22
12.038984586922064,77.26934274150162,Serious,Rainy,Rural,6
20.430290837307524,76.92195530782384,Minor,Clear,Rural,5
13.025624207553417,79.56699013436537,Minor,Clear,Urban,21
27.90212648273198,78.52372944561151,Serious,Foggy,Urban,20
27.76396381917865,78.77580037217668,Serious,Foggy,Rural,1
24.183613541163588,77.31765570790247,Serious,Foggy,Highway,20
27.346098781482837,76.1615394525942,Serious,Foggy,Urban,19
18.025562322991817,73.70670105583584,Minor,Foggy,Highway,4
13.005850575288191,78.71204880211496,Fatal,Clear,Urban,17
27.46166608161804,76.22254638783178,Minor,Clear,Highway,23
29.11779249667927,77.42478733391611,Minor,Clear,Rural,23
29.07982033413819,77.41328181237542,Serious,Rainy,Rural,0
19.962863056849578,75.64914379423547,Serious,Foggy,Urban,17
14.732021136697282,79.5852073409716,Minor,Clear,Urban,8
26.612937624787925,76.32546109714069,Minor,Clear,Highway,6
22.661369620513884,88.04961690905718,Minor,Clear,Rural,22
21.230923746047015,86.8680481233413,Minor,Rainy,Highway,1
30.42156376170015,76.81155596805073,Minor,Rainy,Highway,17
30.124257236245686,77.97475186912457,Minor,Clear,Urban,23
20.882419884481624,86.47247345596335,Fatal,Clear,Urban,13
20.630722085167566,86.2290559393908,Serious,Rainy,Highway,16
17.061636255364814,77.74579206329344,Minor,Foggy,Urban,19
25.539502888842783,82.8639844860708,Minor,Foggy,Highway,22
30.080565630424793,77.91484604779798,Serious,Clear,Highway,1
13.066236869062482,80.1311719840235,Minor,Rainy,Rural,12
15.31796951683422,75.81264002792825,Minor,Rainy,Highway,10
12.648688203656832,77.41509663514441,Serious,Clear,Highway,18
18.171567837759635,74.11337048191362,Serious,Clear,Rural,9
15.553123205792755,77.54544221571469,Fatal,Foggy,Urban,4
25.723850759925543,82.53385515702574,Fatal,Clear,Rural,19
17.16087869680577,77.91008083135709,Minor,Rainy,Highway,15
30.18061293040189,76.85466652204497,Serious,Rainy,Highway,10
12.968302988474775,77.82556947735823,Minor,Foggy,Highway,2
13.377808726472907,76.98492163050415,Serious,Rainy,Rural,17
12.490836755695861,77.42501180408281,Minor,Clear,Highway,3
12.150248409557,77.2141346824386,Serious,Foggy,Urban,0
11.613915802342575,77.14868288765709,Fatal,Foggy,Urban,9
22.81075229353256,87.54071478284274,Serious,Rainy,Urban,6
13.428247574388351,76.85216044928116,Minor,Foggy,Urban,11
20.703172328634146,86.25321918872032,Minor,Clear,Urban,5
19.689714125000965,72.84633154964884,Minor,Rainy,Rural,18
20.687327858643954,77.66846863643472,Minor,Foggy,Highway,1
19.912862099520932,75.45647961953206,Serious,Rainy,Rural,17
30.291911797517386,76.8711348891392,Serious,Clear,Highway,12
13.690933785207068,77.58968337312646,Serious,Rainy,Urban,12
19.068249497573355,72.8747579435796,Minor,Clear,Rural,23
14.965688883665642,79.46113979659529,Minor,Foggy,Rural,13
27.212217330685164,77.37160512357976,Minor,Clear,Urban,15
12.187619330120201,77.25361856272522,Minor,Clear,Rural,17
20.93444198550421,72.7019760980587,Minor,Foggy,Urban,3
14.014888321996363,79.85653382135197,Minor,Rainy,Highway,6
29.28925394338323,77.03469483073916,Serious,Clear,Rural,20
18.483911287762,73.30837526643568,Minor,Clear,Urban,12
13.317265960527186,77.07244264980254,Fatal,Rainy,Highway,22
14.951001646901076,77.51234351051086,Serious,Clear,Rural,0
16.050240960426258,77.54368809638059,Minor,Foggy,Highway,16
19.460654494644814,77.45638675225632,Minor,Foggy,Highway,21
18.7667834644134,73.37536565668829,Serious,Foggy,Rural,6
20.913087389167785,72.73303903456791,Serious,Foggy,Rural,20
11.909881387754622,77.23095806074785,Serious,Foggy,Rural,14
23.677167869105833,77.32410787461846,Minor,Foggy,Urban,14
13.01906190539725,78.78424808144644,Fatal,Foggy,Rural,13
12.912690966365995,77.53944960421157,Serious,Clear,Urban,14
13.885220712617992,79.92167426332584,Minor,Rainy,Rural,14
29.68307658104474,77.7538848235318,Serious,Foggy,Urban,20
19.014557691575185,72.99232375633888,Serious,Clear,Rural,10
12.582130777153496,77.43263040530154,Minor,Rainy,Urban,10
22.923952280825162,86.9755733998375,Minor,Clear,Highway,10
23.23200075634556,85.71191847907141,Serious,Rainy,Highway,7
13.187386082002524,80.24058160911571,Serious,Foggy,Urban,2
28.467283539003233,77.45938985722393,Minor,Clear,Highway,10
27.109722611014842,77.36504981378631,Minor,Clear,Highway,3
18.062883755598904,73.61265180763674,Minor,Clear,Rural,2
24.35143787138714,75.24467637078126,Serious,Foggy,Highway,1
28.958541362724244,77.36451085139258,Minor,Rainy,Urban,20
18.830135442842888,73.30445143226005,Minor,Clear,Urban,9
13.407115444896878,77.60561305758321,Serious,Clear,Urban,11
12.987732748577278,77.86960757503354,Minor,Clear,Urban,19
27.344870403391315,77.23703854747063,Fatal,Rainy,Highway,18
13.532239053467611,77.22148513167294,Fatal,Rainy,Highway,11
21.84484400121309,74.1413273063593,Minor,Clear,Urban,14
12.992734040781528,77.78932988801661,Minor,Rainy,Urban,20
15.108265753690358,79.44408476480396,Serious,Rainy,Rural,12
12.30111277859203,77.3829055580751,Minor,Clear,Urban,8
25.815597762740403,82.35703429523159,Minor,Rainy,Highway,23
13.56787332559101,80.0931217498812,Minor,Clear,Highway,20
21.222863739076246,86.86818729093177,Serious,Rainy,Rural,15
18.994617173466537,73.06472934861722,Minor,Rainy,Rural,19
14.49924174683939,75.32374084581652,Fatal,Foggy,Highway,18
29.12753109966311,77.09779076144235,Minor,Rainy,Urban,16
20.093471711865632,78.16065927515305,Serious,Foggy,Urban,17
28.69678365279284,77.17337454581646,Minor,Foggy,Rural,4
11.717530287652275,77.18352560250797,Minor,Foggy,Highway,23
29.29272123669691,77.53337703265542,Serious,Clear,Urban,15
19.05067981537174,72.91865081289994,Serious,Rainy,Highway,0
18.876239524245836,73.27387190799834,Minor,Foggy,Highway,3
27.394083964652154,77.31192547289477,Serious,Clear,Highway,6
13.039120181996646,78.61510236746003,Serious,Clear,Rural,14
21.69581817324373,72.70720329522902,Minor,Rainy,Highway,5
22.209544982041344,74.32271593080608,Minor,Clear,Rural,8
28.54011045175388,77.18339591451573,Minor,Foggy,Highway,21
17.870336579211507,78.41055322886929,Minor,Rainy,Highway,2
13.986267550597098,76.10992634412335,Minor,Rainy,Highway,6
21.816164407111174,87.46262230781747,Minor,Clear,Urban,21
13.295474592400046,77.39504290000998,Minor,Rainy,Rural,13
25.51149499261028,77.5697693439983,Minor,Foggy,Urban,4
23.50031621572537,74.86849555189725,Minor,Clear,Rural,17
29.932625111937806,76.92959910031668,Serious,Foggy,Urban,10
29.488122266236658,77.63883021925218,Minor,Clear,Rural,21
27.1795082978928,76.01541583131537,Minor,Foggy,Highway,9
27.230001093116762,76.01262629319956,Serious,Rainy,Urban,19
28.73752576356118,77.29304642202317,Minor,Clear,Highway,23
22.873686759004826,87.26298205294334,Fatal,Clear,Highway,12
11.51626597256255,76.97536955742216,Fatal,Foggy,Highway,14
29.600560299414898,77.68056290987252,Serious,Foggy,Highway,12
20.22824603508569,76.37994304617747,Minor,Clear,Rural,7
21.51318315282639,72.6686532447587,Minor,Foggy,Urban,7
19.92897426848971,77.40885180686162,Minor,Foggy,Highway,1
14.91887808532019,76.25021842697906,Serious,Foggy,Highway,13
20.77314742068617,78.03648575688847,Serious,Rainy,Urban,16
13.020543963729173,79.15332691687067,Minor,Rainy,Rural,15
15.31134610574172,74.09105872866311,Serious,Foggy,Urban,7
16.603079522217577,74.78810176335347,Minor,Rainy,Urban,19
20.36954594842137,72.79562872026041,Serious,Foggy,Rural,22
15.256035951286458,74.20342469617135,Minor,Rainy,Rural,22
13.537223753038019,80.1025241206489,Fatal,Rainy,Rural,6
22.570687350675318,72.5891374153898,Serious,Foggy,Rural,6
13.065255136543783,80.22437112700258,Minor,Clear,Highway,22
16.18398974645856,75.43140047087068,Minor,Rainy,Rural,8
27.960242635520096,78.42607534655022,Minor,Foggy,Rural,0
13.024742708864366,78.89752852656146,Serious,Foggy,Rural,2
15.72464661677994,75.72579734693835,Minor,Foggy,Urban,14
27.00692839305168,75.88722940305814,Minor,Rainy,Rural,16
21.178574824434058,78.03317911412003,Minor,Rainy,Urban,20
29.04698697229925,77.43251273254349,Minor,Clear,Highway,1
28.680081666276656,77.17128785110307,Minor,Foggy,Rural,12
14.06750008764121,75.90715550925385,Minor,Rainy,Rural,16
26.5545697710026,77.27456856995255,Minor,Rainy,Urban,6
21.56886545129253,73.9869956195266,Serious,Foggy,Urban,23
14.796544272906372,74.82567349976561,Serious,Foggy,Urban,11
27.27265742967817,76.08479662581001,Minor,Clear,Highway,5
15.451276881618316,77.54723127411272,Fatal,Clear,Urban,21
23.324331863047124,85.43407262353404,Serious,Rainy,Highway,3
17.022877817736074,77.47444739860472,Serious,Clear,Highway,13
22.543402925423695,88.31489568551224,Serious,Foggy,Rural,3
24.337407676937833,77.67126554365572,Serious,Foggy,Urban,6
13.178244081835794,77.46963840611915,Minor,Rainy,Urban,20
22.66258024955276,88.0694194271942,Fatal,Clear,Highway,13
14.753323366836558,79.5783539330706,Serious,Clear,Highway,23
22.976868398271524,86.86349928440563,Minor,Clear,Urban,14
18.31206919484949,73.41491601654367,Minor,Rainy,Urban,13
18.97595246198701,73.0148449617182,Minor,Clear,Rural,17
21.816819453340976,87.51181349575343,Minor,Rainy,Rural,16
18.119113997103874,77.48007218160522,Serious,Foggy,Highway,5
10.215745664854362,76.37617967909182,Minor,Foggy,Highway,0
13.633067518488492,76.61516894826588,Serious,Foggy,Highway,15
29.178348366317348,77.4434579975086,Minor,Clear,Rural,12
22.68595681728366,87.95617473785884,Minor,Foggy,Urban,18
13.225797886556027,80.1788585768766,Fatal,Rainy,Rural,22
15.109000438447046,74.40643397872525,Minor,Clear,Urban,21
11.285162123519264,77.02808200759809,Minor,Rainy,Urban,23
24.98616366575618,75.57325309364262,Serious,Foggy,Urban,11
18.243177066150047,74.00739993358371,Serious,Clear,Urban,12
16.884401027727446,74.96940461731997,Serious,Clear,Urban,21
29.750355989317512,77.73871232551313,Minor,Foggy,Rural,18
24.00161259606348,77.71348503119218,Minor,Rainy,Urban,0
29.335363116564853,77.04811945877442,Fatal,Clear,Highway,18
29.150934068581353,77.1130618737677,Minor,Foggy,Highway,22
14.904158846782677,74.68248012363912,Fatal,Rainy,Urban,22
13.732559656397001,76.46618367609665,Minor,Foggy,Urban,11
18.705386253816584,78.29952968911437,Fatal,Foggy,Rural,8
23.657715949710138,77.7769618541543,Fatal,Rainy,Highway,18
21.591820797855714,72.69913860533418,Minor,Clear,Urban,1
27.957264995725577,76.64486728854179,Minor,Foggy,Rural,11
26.555266616343367,77.28086968783938,Minor,Foggy,Highway,9
17.4753317138404,74.54865152815128,Serious,Clear,Highway,6
21.13993205578537,79.0490713737676,Minor,Clear,Urban,9
18.890638116506306,73.20072589195092,Serious,Clear,Urban,7
27.98493375866915,76.71069841908941,Minor,Clear,Urban,1
16.633962750811918,78.79594204856603,Minor,Foggy,Rural,22
14.546267208260254,75.21016091569113,Minor,Clear,Rural,19
18.771933705982555,73.40209546002649,Minor,Rainy,Highway,17
22.296271875108754,88.05547822593834,Serious,Rainy,Highway,17
19.7727161592536,78.20955794543387,Minor,Foggy,Urban,2
29.5468035889791,76.98876564420867,Minor,Rainy,Urban,9
18.839940992392226,73.29871444489257,Serious,Rainy,Urban,6
11.880583053294728,77.2032178774609,Minor,Rainy,Highway,13
22.602563257065672,88.17808057886023,Minor,Clear,Highway,5
14.94987281193254,74.63507001363601,Minor,Foggy,Highway,22
19.20704288077753,73.25904519079482,Minor,Clear,Urban,15
12.996465070036736,77.86127777612948,Minor,Rainy,Urban,17
29.24375425871799,77.50873835125114,Minor,Clear,Rural,1
27.710156967334445,78.830798705281,Minor,Clear,Urban,21
12.077850046176406,77.2053870070831,Serious,Clear,Highway,23
14.32496991059329,75.5727071870727,Serious,Foggy,Highway,21
11.72792369411048,77.18651818692655,Serious,Foggy,Urban,7
23.279923488271905,87.0035690800723,Fatal,Foggy,Rural,18
16.273038083676106,75.3690344971639,Serious,Rainy,Rural,17
14.302336073176008,79.7851741973495,Fatal,Rainy,Highway,5
25.04042661180981,77.58101982016056,Minor,Foggy,Urban,2
21.311798826073968,86.96329694485571,Minor,Clear,Rural,18
21.401636350169174,72.69213260681391,Serious,Rainy,Rural,11
11.474165130921223,77.08184643783642,Minor,Clear,Highway,21
14.509643020162615,76.34880034075302,Minor,Foggy,Rural,21
20.796347224777552,86.37622556568823,Serious,Foggy,Highway,19
27.703204827052183,76.48265560091389,Minor,Clear,Highway,5
13.006897509234365,77.48922998719338,Minor,Clear,Rural,4
12.057119429136483,77.27964653706577,Serious,Clear,Highway,12
29.706686428232167,77.70019187375603,Minor,Foggy,Highway,4
26.844024442308406,80.45175283105485,Serious,Clear,Rural,12
19.09562896522875,72.8662454989955,Minor,Clear,Rural,19
20.090519592913264,72.78773580233376,Minor,Clear,Highway,13
11.57129734153748,76.95717817429384,Minor,Foggy,Highway,2
14.403388316973706,79.69944071045379,Minor,Foggy,Rural,22
27.9680546014569,76.65961052133153,Serious,Foggy,Rural,13
10.585756858377934,76.53180121174944,Minor,Rainy,Rural,3
13.228833984560488,77.39661859934502,Minor,Rainy,Highway,22
25.811177359616188,82.36937467497089,Serious,Foggy,Urban,14
13.231850258029747,77.22231349462618,Serious,Foggy,Rural,10
28.888245373894975,77.11761313080903,Minor,Rainy,Rural,20
10.028626060101834,76.26333666725205,Minor,Clear,Highway,9
25.83320919162286,75.94118363160632,Minor,Foggy,Highway,5
17.731801814355755,74.40440223220739,Serious,Foggy,Urban,1
22.442979338755745,88.22274546307946,Serious,Clear,Rural,16
23.155916640342642,86.07287391850434,Minor,Foggy,Urban,19
15.226336476105537,74.25451589998278,Fatal,Foggy,Highway,4
30.212096951556394,77.98979632117577,Minor,Rainy,Urban,16
30.08288777476296,77.94101060330787,Fatal,Clear,Highway,6
27.132304785103823,79.87712641004165,Serious,Clear,Urban,0
18.15417446716898,73.54702429387737,Serious,Clear,Rural,15
18.147341633872834,74.11398354650436,Minor,Rainy,Urban,18
26.794014331690693,80.59875503036866,Minor,Clear,Urban,10
12.999897620462056,78.25208128008163,Minor,Foggy,Rural,8
29.866890136686077,77.85022843784208,Minor,Rainy,Highway,7
20.58189778371129,77.4757906733601,Fatal,Clear,Highway,11
20.280540098426766,77.41644590917188,Minor,Clear,Highway,23
19.81155816038296,75.04293862225472,Minor,Foggy,Rural,13
21.80358134242491,72.64788760709546,Minor,Clear,Rural,5
13.035349836035188,79.8647915033841,Minor,Foggy,Rural,11
29.899052617149863,77.79882806786736,Minor,Foggy,Rural,16
16.82346870325519,77.07844399709926,Minor,Foggy,Rural,3
12.038574296353248,77.29456386338993,Serious,Rainy,Highway,22
27.789335169438484,76.51938902160413,Minor,Rainy,Urban,3
28.190222251679533,77.91513780484694,Minor,Rainy,Highway,17
15.746204828950061,79.14630961917473,Serious,Clear,Urban,10
28.473317404546748,77.09466197383777,Minor,Rainy,Rural,4
23.298712429366176,85.50618376208065,Minor,Foggy,Rural,19
15.599837006735303,75.82015941784707,Minor,Foggy,Urban,15
14.72149842215468,74.9412786243922,Minor,Clear,Highway,4
25.892469261778974,77.27080377265058,Serious,Clear,Urban,10
22.150348560990622,87.87304627504069,Minor,Rainy,Rural,6
23.42264143751103,74.82148174918507,Serious,Foggy,Urban,4
12.991086746044818,78.6976167508071,Minor,Rainy,Rural,6
23.322855830282183,85.34029001076398,Serious,Clear,Highway,3
29.055331181574363,77.10654268177437,Minor,Clear,Highway,17
29.008152188460237,77.40438433755264,Minor,Foggy,Rural,11
13.957955714692513,76.16287282367475,Minor,Clear,Rural,15
25.87321322022931,82.27471302543303,Minor,Rainy,Rural,23
11.999229726643259,77.29312064020652,Minor,Foggy,Urban,13
22.488659095816125,88.29994769605585,Minor,Foggy,Highway,20
16.86455196157434,77.23095836440358,Minor,Foggy,Urban,8
14.416465316289134,79.73674004694098,Minor,Clear,Highway,7
12.15281153012943,77.30476207756129,Minor,Rainy,Highway,12
19.421987648448905,73.96428485099815,Serious,Rainy,Urban,15
15.17226092373357,74.3304439301077,Minor,Clear,Rural,19
16.654492942750693,76.69292685251428,Serious,Clear,Urban,18
21.17558349158028,73.79140628071066,Serious,Rainy,Urban,9
25.462294522624724,75.7848740223446,Minor,Foggy,Highway,11
22.20578492908756,87.92746014944264,Minor,Clear,Highway,7
10.579273898717325,76.54023690699711,Minor,Clear,Rural,23
29.633631289647788,77.72583853564127,Minor,Rainy,Rural,8
30.58024821683126,76.78449236297163,Serious,Clear,Highway,1
19.06624532507488,72.91723253430031,Serious,Rainy,Urban,2
14.595601056697603,75.14755585602511,Minor,Rainy,Highway,0
19.414345311483125,73.92689488295728,Minor,Clear,Urban,20
15.087755828635578,74.38231716958433,Minor,Foggy,Highway,13
17.169771346340045,77.90801892983066,Fatal,Clear,Highway,2
12.48261015944654,77.41909726206377,Minor,Rainy,Urban,20
17.003007905348763,77.57552844365293,Fatal,Clear,Rural,9
18.619787515647747,73.62036772593746,Minor,Foggy,Urban,21
21.97181543747561,72.64005644936057,Minor,Rainy,Urban,17
26.93871767892642,75.80763832354843,Minor,Foggy,Rural,15
16.74888427367497,75.03952002241259,Serious,Rainy,Highway,0
29.60994752178748,76.96845728689657,Minor,Rainy,Highway,22
25.94933597643068,82.16090577165555,Minor,Rainy,Highway,21
13.023286774513302,78.72529234631718,Fatal,Foggy,Urban,12
11.649152368427245,77.18003933725669,Minor,Foggy,Highway,21
28.03288901080708,77.21435359516875,Minor,Clear,Urban,16
13.806074848593806,79.93314567771857,Serious,Clear,Highway,18
19.413215422362097,78.23755112015236,Minor,Rainy,Rural,2
12.548003832086653,77.43469003551644,Serious,Foggy,Rural,7
13.603270668358746,76.63389805273717,Serious,Foggy,Rural,10
20.81221316482936,86.33425502108905,Serious,Rainy,Highway,11
15.910606242295177,74.93577450371374,Serious,Rainy,Highway,2
22.49378614200209,72.64161338352149,Serious,Clear,Rural,16
14.230786548628105,79.80696755364434,Minor,Rainy,Highway,3
14.59724708136087,77.52665961135382,Minor,Clear,Highway,17
27.565866861081634,76.36548902423306,Serious,Rainy,Urban,22
14.169907602263445,79.81951364805536,Minor,Clear,Rural,16
12.769718468646087,77.52053770292409,Minor,Foggy,Highway,6
13.65227141580188,77.55831283110673,Minor,Clear,Urban,10
18.954524068059754,73.08803709938653,Minor,Foggy,Urban,19
18.568932353695917,73.80397855979506,Minor,Clear,Highway,10
14.173985987878872,79.81461960474508,Serious,Foggy,Highway,9
22.74831220032585,87.76262285242707,Serious,Clear,Rural,6
19.519977567847885,74.17019911259258,Serious,Foggy,Rural,4
11.138729257404908,77.02080784513161,Minor,Clear,Highway,0
22.862653810084314,87.27089729622155,Minor,Clear,Urban,15
13.036134043537329,79.89393702667707,Serious,Foggy,Rural,5
18.355926704770592,73.94942805901353,Serious,Rainy,Urban,8
15.611106281491809,74.14444049069154,Minor,Foggy,Urban,10
28.693699045791213,77.15178316457803,Minor,Foggy,Highway,8
23.386292971272614,77.7930872935902,Minor,Clear,Highway,17
21.2403234627633,86.83928718067419,Minor,Clear,Highway,15
23.338100148098828,85.45853442269205,Minor,Rainy,Urban,8
21.235003823890867,73.84846268923879,Minor,Clear,Highway,5
17.446820875293547,77.49859412908596,Minor,Clear,Highway,5
22.59007578549247,88.34983763024252,Fatal,Rainy,Urban,8
22.88780293548915,72.58002986966392,Minor,Foggy,Rural,12
13.43628401115226,77.31118021956212,Minor,Rainy,Highway,15
13.768060914085986,76.39498544775172,Minor,Rainy,Rural,22
11.914622422249748,77.26932547536278,Fatal,Rainy,Urban,21
28.108816579988442,76.74859818283,Serious,Foggy,Rural,22
11.99115504835859,77.1407524704813,Minor,Clear,Highway,14
14.270832447810548,75.64349269573727,Minor,Rainy,Rural,7
26.68615511243655,80.77869736898863,Minor,Rainy,Urban,18
17.18173727697429,74.77482187564763,Serious,Rainy,Highway,3
25.390634620605574,83.11724181920499,Minor,Clear,Rural,2
27.040873332850943,75.89649699241254,Minor,Foggy,Rural,22
17.550719708894285,74.0400007307575,Fatal,Clear,Highway,13
14.729198140224902,75.00213248611868,Minor,Rainy,Urban,16
11.280044063933637,76.87704977986643,Minor,Rainy,Urban,18
14.876063587450057,74.78822770445835,Serious,Clear,Highway,19
29.60912289699074,77.65274261099762,Serious,Foggy,Rural,21
29.440588718735484,77.58400260983542,Serious,Clear,Urban,23
23.27601402057652,74.74256309188885,Minor,Rainy,Highway,21
19.62271405635563,74.5376180211755,Minor,Clear,Rural,3
29.23251922804578,77.09265138751188,Minor,Clear,Rural,15
19.083129592780452,72.87149330283704,Fatal,Rainy,Urban,3
16.392073629121647,78.89518048389695,Minor,Clear,Highway,5
17.75330572629008,74.39566222022215,Serious,Clear,Urban,5
10.19895234634244,76.36143639763407,Minor,Foggy,Urban,18
22.916781203008583,87.09194883764208,Serious,Foggy,Rural,8
13.023596063372537,77.57392943757343,Fatal,Clear,Urban,21
18.742635981099593,73.43885864912843,Minor,Clear,Urban,16
23.206162223252075,85.792504728003,Serious,Foggy,Urban,4
13.537593857790075,76.72194932443642,Serious,Clear,Highway,21
13.068552989827108,80.21735271342645,Serious,Clear,Rural,20
17.199797402643533,78.08447732827689,Minor,Clear,Urban,17
25.8792628975529,75.94685881547494,Serious,Rainy,Rural,13
18.742676139092826,73.47274624021502,Minor,Rainy,Urban,17
16.366431778119562,76.00620709277591,Minor,Clear,Urban,20
11.941074976203474,77.27504259189848,Serious,Rainy,Highway,14
17.212403630895178,78.53299301785498,Minor,Clear,Rural,11
26.313814366418377,77.44579918207197,Serious,Clear,Urban,12
20.77328878706198,86.32407293936686,Minor,Clear,Highway,21
24.42493339545638,84.95203293870122,Fatal,Foggy,Urban,14
21.796532671341726,87.52437242547863,Minor,Clear,Urban,6
20.314104868063513,72.76974615990365,Minor,Foggy,Urban,20
20.794008649648603,78.08337230631406,Serious,Clear,Highway,15
22.967633970457612,77.85008586615609,Minor,Clear,Urban,16
27.691190890891157,76.43318088015253,Minor,Foggy,Highway,14
17.147900495721792,77.86321030801403,Minor,Rainy,Highway,13
20.321098645579468,72.77108589444556,Minor,Rainy,Urban,19
22.68275758445063,87.86268889598021,Minor,Rainy,Rural,11
29.294290466717214,77.54941766279062,Minor,Rainy,Highway,0
19.093141070783727,72.93349740809343,Minor,Clear,Urban,15
16.699595094302726,78.75055603579521,Serious,Rainy,Highway,1
23.26594201885429,85.71547507405671,Minor,Clear,Highway,1
20.02866495298746,75.72607079702696,Serious,Rainy,Highway,0
25.690297626590137,75.9019855752753,Minor,Foggy,Rural,21
28.505551866605312,77.14813311552955,Minor,Clear,Rural,10
27.350632850379444,76.62497282052121,Minor,Clear,Urban,23
24.150550097204043,75.16088814272611,Minor,Rainy,Urban,0
21.52579778663209,73.97882431537325,Minor,Rainy,Rural,8
20.521007910995714,77.2234795871987,Minor,Foggy,Highway,18
23.010066554509176,74.67294960049311,Serious,Foggy,Rural,2
12.282191909566821,77.29264984135456,Minor,Rainy,Urban,22
17.145998625726953,78.571895218794,Serious,Foggy,Urban,1
19.820755526450363,75.16460255009729,Minor,Rainy,Urban,1
18.69999810780871,73.5569289518755,Serious,Foggy,Rural,13
13.037412078005314,79.19633355676473,Serious,Foggy,Rural,22
19.86343204916503,75.24920613074167,Minor,Clear,Rural,21
13.615216393381935,76.6612740141885,Fatal,Clear,Highway,13
19.037723646101835,72.92055160178671,Minor,Clear,Highway,11
16.932007833185555,77.34539794393652,Fatal,Rainy,Highway,6
15.248201537845803,79.33175304720672,Minor,Clear,Rural,16
13.528540621871194,77.1977398175478,Minor,Rainy,Urban,20
11.586877470298354,77.01432226875173,Serious,Foggy,Urban,23
19.356112776486484,73.02824245164865,Minor,Rainy,Highway,7
19.382891472506337,73.8613168274229,Minor,Clear,Urban,10
17.04611816054853,77.58546122201055,Serious,Rainy,Rural,13
21.649903610288,72.69981255930743,Serious,Foggy,Highway,22
13.171093676050084,77.24149636708815,Minor,Clear,Urban,2
21.792814501693194,72.65492168873975,Minor,Foggy,Urban,10
18.63625968253604,73.61165044957703,Serious,Clear,Highway,21
16.85226871519075,74.56579509340759,Minor,Clear,Highway,6
20.572043561201017,73.55053370470483,Fatal,Clear,Rural,10
29.6466923190239,77.00464505433182,Fatal,Foggy,Rural,22
13.034939082612894,79.49593796737545,Minor,Rainy,Rural,4
19.43609851910239,73.93176302413369,Minor,Rainy,Urban,15
28.797032178945813,77.28597288546317,Minor,Rainy,Highway,4
19.222982951660715,72.87483981756787,Fatal,Foggy,Highway,5
15.676235788120922,74.28065563992247,Fatal,Rainy,Highway,11
15.40599732583369,75.93881790675134,Minor,Rainy,Highway,9
21.93320859010766,77.9828336025728,Minor,Rainy,Urban,15
15.90343688103641,74.80479119098067,Serious,Rainy,Urban,13
21.49177019796338,72.71860694033133,Minor,Rainy,Urban,8
21.075823726331166,72.7330322124757,Fatal,Rainy,Urban,8
27.035229497359712,75.90580317940541,Minor,Foggy,Highway,12
14.504614042711403,79.68911802677766,Minor,Rainy,Rural,18
18.97994212760525,73.040930552655,Minor,Foggy,Urban,15
23.21725065153965,85.84465799944978,Minor,Rainy,Urban,9
27.331988457214095,76.12083090449805,Serious,Clear,Rural,10
16.63884919651914,75.07640544973405,Fatal,Clear,Highway,23
14.982452464866485,79.49240433307381,Fatal,Rainy,Rural,0
22.603650369326132,88.30558057980022,Minor,Rainy,Highway,2
21.17696154685427,86.82525559906823,Fatal,Rainy,Highway,16
24.89801829885908,77.63904217806268,Minor,Clear,Highway,6
12.998047921262367,78.28780484400308,Minor,Rainy,Rural,18
28.904432309572712,77.34335085522842,Minor,Clear,Highway,21
19.796248988121125,74.97300573188525,Minor,Rainy,Urban,12
27.23172706341582,77.20917540428287,Serious,Clear,Rural,1
18.548444965388523,73.76750984629855,Minor,Clear,Rural,18
28.429238698033572,77.5945346254148,Minor,Clear,Rural,11
19.27393306023739,73.5148267580935,Minor,Foggy,Urban,15
22.44691448273969,88.2247744017067,Fatal,Clear,Highway,15
13.780284412529488,79.99685351421182,Minor,Rainy,Rural,15
20.49182999362989,77.03305327033426,Fatal,Foggy,Urban,23
20.56832163231706,72.76022518841148,Minor,Foggy,Rural,14
22.82857506628846,87.37035392200858,Minor,Rainy,Rural,2
21.93788566073002,72.66084928502961,Serious,Clear,Highway,10
10.08263494580872,76.34732378750235,Minor,Clear,Urban,4
21.13443235129378,78.98157659235108,Serious,Rainy,Urban,14
22.957974981460985,86.85046260251629,Minor,Rainy,Urban,20
27.004035054880863,75.84429410401702,Minor,Clear,Highway,0
18.944764797294606,73.07514878429896,Serious,Foggy,Highway,20
21.078209728499463,86.67370121246812,Minor,Clear,Highway,19
20.590018637997584,77.39858989026993,Minor,Rainy,Highway,8
22.61474811901625,77.89703424676767,Serious,Foggy,Highway,5
22.48246397143887,72.6262080371535,Serious,Rainy,Highway,5
12.856748621204046,77.5839711470421,Serious,Foggy,Rural,20
14.726010337137515,74.98843869346155,Serious,Foggy,Urban,0
11.74180032396819,77.04440670751293,Minor,Clear,Urban,11
27.82689001399192,77.2827488976832,Serious,Foggy,Rural,18
26.69243657483566,77.39796826222172,Serious,Foggy,Urban,13
12.701394322195194,77.502419877665,Minor,Clear,Highway,22
28.888237681337735,77.13440663078424,Minor,Foggy,Highway,22
19.277093857576844,73.5083297433585,Fatal,Rainy,Rural,19
28.479253149365594,77.07643565279479,Fatal,Foggy,Urban,13
11.490530474244276,77.11263164036563,Minor,Clear,Highway,20
26.961093945589358,77.38594721856488,Minor,Foggy,Rural,11
21.359401737164983,86.99142396899339,Minor,Clear,Urban,12
21.255918814575345,73.84630156766876,Minor,Rainy,Highway,18
12.995878347025808,77.82384541517389,Serious,Foggy,Highway,19
18.86359890225969,73.2726261157277,Serious,Rainy,Highway,1
22.620731622078424,88.06263179668447,Minor,Clear,Rural,2
25.727071412452872,75.89414985917199,Minor,Rainy,Highway,17
13.831846784520911,79.95094344601941,Minor,Foggy,Highway,7
16.40918760774854,75.99011516915486,Minor,Foggy,Urban,11
16.61113636355193,77.49587368623301,Minor,Rainy,Highway,14
18.59503303542228,73.78418744948222,Fatal,Rainy,Urban,7
21.252436611704493,86.90197695752713,Serious,Clear,Highway,20
17.766643373980664,78.41033262015952,Minor,Foggy,Urban,21
23.233866701554362,77.32597410293697,Minor,Clear,Urban,5
18.863228259202735,73.20776990690071,Minor,Rainy,Rural,15
29.44702055343015,77.02264965885105,Minor,Clear,Rural,12
17.635853851796785,78.44261689348748,Minor,Foggy,Highway,11
12.983220675580062,78.18466307501862,Minor,Foggy,Highway,23
28.59761054134316,77.18888409897542,Minor,Clear,Urban,0
23.357785305801336,77.78349019301871,Minor,Clear,Rural,15
21.276077440482894,86.9089999566302,Serious,Clear,Highway,12
22.66072058944218,87.91276970513943,Minor,Foggy,Urban,13
20.993841682041783,86.61003367734472,Minor,Foggy,Highway,23
24.51427818444457,75.36377699689577,Minor,Clear,Urban,12
20.019610142278825,75.79503906554636,Minor,Foggy,Rural,9
19.04748960890115,72.96190904577978,Minor,Clear,Rural,19
18.686342599101273,73.61567073587432,Minor,Clear,Highway,15
22.180393319293277,72.62018194373854,Fatal,Clear,Urban,6
13.14063564651308,77.45849279241679,Minor,Rainy,Rural,11
16.640159190168568,78.81207869426973,Minor,Foggy,Urban,1
11.209588001892225,76.82359169510943,Serious,Rainy,Highway,7
11.990988902683211,77.1384118345862,Minor,Clear,Highway,22
22.10748530478165,72.6523509406199,Minor,Foggy,Rural,16
10.827879259244838,76.62891458119188,Minor,Rainy,Highway,3
13.790956407463337,77.54927079067947,Fatal,Rainy,Rural,9
13.018005714839221,78.71603513835085,Serious,Foggy,Rural,11
16.73155031027622,76.81806513957312,Minor,Foggy,Highway,20
30.065304616897574,77.89363425436781,Minor,Clear,Urban,12
14.952971725596147,74.64930643755115,Serious,Foggy,Rural,9
15.696123974210769,74.3713873543771,Minor,Foggy,Urban,15
27.914608654714687,76.62962783879524,Minor,Clear,Highway,11
29.72451555672271,77.75322618059757,Serious,Rainy,Urban,18
29.470462634814986,77.63539103917265,Serious,Foggy,Highway,1
21.675304237311423,87.38344655694326,Serious,Clear,Rural,4
18.049000484657757,74.17901848930316,Fatal,Clear,Urban,21
24.271415106889307,77.32148572017299,Minor,Foggy,Highway,8
13.026799295446231,79.45162688618254,Minor,Foggy,Highway,7
21.07298842101932,86.69477427950052,Minor,Clear,Highway,16
21.582075422952123,87.22665117455996,Minor,Clear,Urban,19
30.506074338285536,76.80935901419717,Fatal,Rainy,Rural,18
18.713042889823644,73.43737539343758,Minor,Rainy,Rural,1
16.490209932558788,74.8924798994917,Minor,Rainy,Urban,7
14.16277814283002,75.79164572177764,Minor,Clear,Urban,21
13.685391500937083,76.52973408822517,Minor,Rainy,Rural,11
27.391816630767543,79.42357130676018,Serious,Clear,Rural,23
20.958074873575992,72.70812002047371,Serious,Foggy,Rural,18
21.439247841096872,87.0858346255629,Serious,Rainy,Urban,15
29.157022180168642,77.48443234478238,Minor,Rainy,Highway,15
18.62816040572159,73.63690060985515,Serious,Rainy,Highway,8
14.765930309793397,76.36701994541849,Minor,Foggy,Highway,11
11.265331646735337,76.85505478274303,Minor,Clear,Rural,4
15.71797297407527,74.38708834665384,Minor,Foggy,Urban,15
22.770696017407403,87.44487260182967,Serious,Foggy,Rural,14
27.764678893414768,76.50221935275324,Fatal,Rainy,Highway,0
17.131334786754113,77.82723282056732,Minor,Clear,Highway,7
28.300324521184326,77.04510696598199,Minor,Rainy,Rural,23
12.059305460956399,77.27987357895678,Minor,Rainy,Highway,20
16.44901403619542,75.23222412377551,Fatal,Rainy,Rural,0
15.949581470295565,75.29621168629448,Serious,Rainy,Rural,14
29.278316892149988,77.07447269305182,Minor,Foggy,Highway,6
29.333034865430363,77.03785743975546,Minor,Rainy,Rural,2
15.024490268405113,74.53980194114729,Minor,Clear,Highway,23
16.98991270814764,78.62925084920013,Serious,Foggy,Highway,19
13.23544208057925,77.4066560471573,Minor,Foggy,Highway,2
13.947343986237648,76.91946085670716,Minor,Rainy,Rural,10
23.15244417018682,86.00946520354813,Minor,Foggy,Urban,1
24.635838892886436,84.54718118012515,Fatal,Foggy,Highway,12
28.676201062173458,77.22138343158726,Minor,Clear,Highway,6
21.73393996191689,72.70349379976562,Minor,Clear,Urban,21
29.652058676434986,76.98881771041735,Minor,Clear,Highway,2
15.47935927116088,79.26939881708688,Serious,Rainy,Highway,4
28.08233226605433,76.94089395563094,Fatal,Rainy,Urban,16
12.713483753141753,77.5351647532629,Minor,Rainy,Rural,8
30.385174802734838,76.8564093856376,Minor,Clear,Rural,0
13.006437546371231,78.10990819892724,Minor,Clear,Rural,10
14.424650741328232,75.44738992647248,Fatal,Clear,Rural,21
21.14312383348234,86.75293048866999,Minor,Rainy,Highway,22
22.90521445850497,86.91116694838603,Minor,Clear,Highway,18
12.69846572297935,77.49340329985127,Minor,Foggy,Highway,18
21.018523848687284,78.72090174885666,Serious,Clear,Urban,14
21.424801314729734,87.05132037147064,Serious,Clear,Rural,6
16.119027174207577,75.4417277672527,Minor,Rainy,Rural,20
15.289159533980603,76.02732361647672,Minor,Clear,Highway,15
18.864537596754907,78.30177349121726,Minor,Rainy,Highway,12
12.778093927077917,77.5009372632649,Minor,Rainy,Highway,15
16.6245775751385,76.52487599136867,Serious,Clear,Urban,6
17.884734746215717,73.79591102241568,Minor,Foggy,Urban,6
26.20983087228653,77.45909160917167,Serious,Clear,Urban,7
15.365346322189634,75.9762481161064,Minor,Rainy,Highway,16
27.126427035429423,79.91133810415243,Minor,Clear,Rural,9
16.90096809487789,77.24834936766126,Minor,Clear,Highway,10
13.005587236260743,78.31087796315083,Minor,Foggy,Rural,6
13.047445065713752,77.50769842330742,Minor,Foggy,Highway,5
23.35205053546129,85.36020600492944,Minor,Rainy,Highway,2
22.873110522356704,87.18761106256405,Serious,Clear,Rural,11
20.684666326615528,77.66143709706184,Serious,Foggy,Urban,1
27.86009092862786,76.5605350600092,Fatal,Foggy,Rural,14
28.849103377035505,77.32463288379644,Fatal,Foggy,Rural,21
28.91944858511164,77.13297031397077,Fatal,Rainy,Urban,2
15.520768338561496,73.93161505918188,Minor,Foggy,Highway,23
11.484247213581368,76.94923995457113,Minor,Foggy,Highway,1
11.766346661050171,77.09432291630365,Serious,Clear,Urban,4
20.651306155326857,77.52420670240123,Minor,Foggy,Rural,22
20.899324942778925,86.46838571342744,Minor,Clear,Urban,21
19.46457152621812,77.44689310955911,Minor,Foggy,Highway,15
16.635417393382046,76.68260182090988,Minor,Clear,Highway,15
17.365676564018287,78.37527500088854,Fatal,Rainy,Rural,0
29.742151817947267,77.72801521130404,Fatal,Foggy,Urban,19
16.759795346764793,76.9515617690312,Serious,Foggy,Highway,6
16.461092560568883,76.23229951757395,Serious,Foggy,Urban,4
12.865651759846115,77.55338154075852,Minor,Rainy,Urban,1
16.593508380707124,76.5830911841236,Serious,Foggy,Highway,15
26.931144466275395,75.80102448672169,Minor,Clear,Highway,22
19.08779155708178,72.90232024831764,Serious,Foggy,Highway,19
16.31447849908531,77.53703387569232,Minor,Rainy,Highway,22
18.855244051915623,78.31547063376614,Minor,Foggy,Rural,21
13.021409784113343,79.38583975855576,Fatal,Foggy,Urban,15
30.121131997704083,77.92039000771756,Minor,Rainy,Urban,21
15.045404532007273,76.18131086957781,Serious,Clear,Rural,6
10.445417137930708,76.46925488846182,Minor,Rainy,Urban,5
28.61324056827964,77.16626765737446,Minor,Clear,Urban,21
20.76535908171747,77.94091824536385,Serious,Foggy,Rural,2
29.11781359268848,77.47006991762156,Fatal,Clear,Highway,1
18.572312804981358,73.74574736756638,Serious,Rainy,Highway,22
26.468109099986716,77.27229568663533,Minor,Foggy,Urban,10
19.5516879200473,78.22346885952896,Minor,Rainy,Rural,19
19.515547654674695,73.11010184809528,Serious,Clear,Rural,13
29.15000090976504,77.10636764225629,Fatal,Foggy,Rural,7
28.706452544422703,77.19738913746524,Serious,Clear,Highway,6
21.511865057743027,72.68757258185235,Serious,Clear,Urban,5
12.838072330798243,77.55351351692022,Serious,Clear,Rural,13
16.974550843314077,77.44619644459132,Minor,Foggy,Urban,9
13.77918186665955,77.06087706386849,Minor,Foggy,Rural,8
18.86658341738273,73.22399496739145,Minor,Clear,Rural,6
15.728713766878924,75.76414141781382,Minor,Foggy,Highway,23
18.718696671152653,73.49289813236616,Serious,Foggy,Highway,1
25.94159488542776,77.49431227502029,Minor,Rainy,Urban,8
13.01307610575968,77.52880895637055,Minor,Clear,Rural,3
28.750202583257703,77.19621248581439,Minor,Foggy,Urban,18
14.193669515007484,75.79750660654132,Minor,Clear,Highway,7
13.031061875322312,78.67288797113702,Minor,Clear,Highway,18
23.153881624993726,85.97909749422448,Minor,Rainy,Highway,15
26.36771646163465,77.43885277299528,Serious,Rainy,Highway,3
16.57871319736978,78.79259132677568,Minor,Foggy,Highway,20
21.037655362554997,78.03250610629233,Minor,Rainy,Rural,11
27.090568914588992,75.90218211828588,Fatal,Rainy,Urban,14
16.162480107482732,79.01236984128307,Minor,Foggy,Rural,5
11.472492673564,76.9613614535182,Minor,Foggy,Highway,14
20.852959462499964,78.29533740025813,Minor,Foggy,Rural,7
18.767245647113118,73.45253782450176,Minor,Foggy,Rural,10
29.357342570788266,77.03001168460062,Minor,Foggy,Rural,21
21.728214791997505,77.36996622116334,Minor,Rainy,Urban,9
28.55663934739559,77.16255507964487,Serious,Clear,Highway,1
11.430983237959412,77.12083789854843,Serious,Clear,Rural,12
20.117971158868084,75.90538176209664,Serious,Foggy,Rural,17
12.996538827643958,78.63290270521165,Serious,Foggy,Rural,14
23.893716168141417,85.89110490864707,Minor,Rainy,Urban,16
12.961361774794378,77.59496642707737,Minor,Foggy,Rural,23
11.811836408459074,77.21313812436841,Minor,Clear,Highway,20
20.51733501439475,77.13541899350948,Minor,Foggy,Urban,5
21.33417530971004,87.00056590928484,Minor,Clear,Rural,5
21.472446959661713,77.39944259463455,Minor,Foggy,Rural,18
20.821331753152815,86.37725440041147,Minor,Foggy,Rural,18
18.416374062176633,78.3567467099797,Fatal,Rainy,Rural,15
29.088927600816337,77.42657717886782,Minor,Foggy,Urban,17
11.869751419048088,77.09761847054078,Minor,Rainy,Highway,7
20.60609123991764,77.38074581549195,Minor,Foggy,Highway,19
27.821785285411682,77.28392745036315,Minor,Rainy,Highway,11
19.349446297597428,72.8554128478696,Serious,Rainy,Highway,0
27.93131276684153,77.30151525482977,Minor,Rainy,Urban,12
27.03551826242567,77.394231602469,Minor,Rainy,Urban,15
21.91054030159525,87.65150265473915,Minor,Rainy,Highway,9
28.756240367015504,77.25658943663892,Serious,Foggy,Urban,12
29.9921574728923,76.90526338843556,Fatal,Rainy,Urban,20
21.306159322449464,72.73216391452408,Fatal,Rainy,Highway,2
20.966452544502246,78.08878347416527,Minor,Rainy,Urban,12
12.91868944319066,77.56922066746333,Minor,Foggy,Highway,16
12.27179885088034,77.3718768339645,Minor,Clear,Highway,18
29.243945430081343,77.4925397653265,Minor,Clear,Urban,5
28.453625666370243,77.06092395513559,Serious,Foggy,Rural,8
18.64760418989902,73.59021239141339,Minor,Foggy,Highway,0
18.93953265955828,73.09355055896471,Serious,Rainy,Urban,23
11.023520293016398,76.96974598972724,Minor,Foggy,Urban,5
20.03546844956097,72.77190450362744,Minor,Foggy,Rural,16
16.605705888892093,76.62876099239463,Minor,Clear,Urban,0
29.871407170738443,77.79862579639341,Minor,Rainy,Rural,13
24.86053015275384,77.61402377736385,Minor,Foggy,Urban,22
23.076409154273094,86.48564261518709,Minor,Clear,Urban,17
26.072673895098248,81.90945811456963,Fatal,Rainy,Rural,18
22.91805218621027,86.84935714922938,Minor,Clear,Urban,12
11.327706792050831,76.88544178522693,Minor,Foggy,Urban,10
20.029454156162227,78.17644163711269,Serious,Foggy,Urban,16
19.88262739786025,72.79354355396353,Minor,Clear,Highway,2
22.099355356098837,87.82245924266148,Minor,Clear,Highway,3
18.960062627444678,73.06085884330267,Minor,Foggy,Highway,21
25.202499178789925,75.64359884063786,Serious,Rainy,Urban,0
22.641471887207253,88.11975239270035,Minor,Rainy,Rural,20
16.36394632928687,78.89107662906345,Minor,Foggy,Highway,4
22.86964830981909,87.79410231774058,Minor,Foggy,Urban,14
28.944766745701525,77.12815384350183,Serious,Clear,Highway,16
19.790714087831578,75.04827083510192,Serious,Clear,Rural,23
19.23239936674538,72.85993940542207,Serious,Clear,Urban,5
28.259496931466796,77.22487578230529,Fatal,Clear,Highway,0
16.96351665068528,78.673901813594,Fatal,Rainy,Rural,17
22.721632483955027,87.81394953818291,Serious,Rainy,Urban,23
12.31058217487313,77.37997905294768,Serious,Rainy,Urban,23
24.63433777220132,75.39991895569686,Minor,Foggy,Highway,12
28.990774259155895,77.35956310377497,Minor,Foggy,Rural,4
16.946965770432616,74.90593521955647,Minor,Foggy,Urban,15
17.54412903243595,77.49320437766956,Minor,Clear,Highway,19
17.66558378629854,74.45365426854266,Minor,Foggy,Highway,0
14.564380023942968,75.25953661338143,Minor,Foggy,Rural,23
28.90197713541011,77.12275209410411,Minor,Rainy,Rural,12
20.343688223195567,72.79410822408353,Serious,Rainy,Highway,17
28.49657508080669,77.23535246801632,Serious,Foggy,Highway,14
16.318030348465467,77.53091332332413,Minor,Rainy,Urban,13
28.40462661221978,77.61242446643044,Serious,Rainy,Urban,16
26.940130378046298,76.42637362106585,Serious,Foggy,Urban,20
22.605127474641893,88.26479261055682,Serious,Rainy,Urban,0
17.215614609440074,78.09012894021257,Minor,Clear,Urban,20
16.141610285139937,75.16984457910183,Serious,Rainy,Rural,20
23.49573360975653,86.68889840032384,Serious,Foggy,Rural,18
12.2344611612035,77.25127254765712,Serious,Clear,Rural,23
22.80034551366038,87.975472598884,Minor,Foggy,Rural,19
22.92233212123755,74.61945861277326,Minor,Rainy,Highway,5
24.424307175835043,84.87868303386944,Minor,Foggy,Urban,15
20.539473609460526,86.10300815215493,Minor,Rainy,Highway,11
11.325086744204878,77.04638819603579,Minor,Rainy,Urban,16
12.960460808409408,77.62968856885912,Serious,Foggy,Urban,18
12.012900011800047,77.30938917549783,Minor,Clear,Rural,11
24.36550720823664,85.03840360422257,Serious,Rainy,Rural,13
19.07188494821898,72.89571615471144,Minor,Rainy,Urban,12
23.743924816328274,77.78070678781499,Minor,Clear,Highway,2
14.426548855880123,79.72660540613784,Serious,Foggy,Rural,12
26.166709536331243,77.45652546106632,Minor,Clear,Rural,10
18.581972304691476,73.74851523563943,Fatal,Clear,Highway,7
29.550204032757637,77.01559011527277,Minor,Rainy,Urban,13
15.01858179246685,76.02480191036202,Serious,Clear,Highway,5
11.154702896136705,76.7895890828419,Serious,Rainy,Urban,4
11.69270872326758,77.04497792857812,Minor,Foggy,Urban,22
22.92085956539683,86.84546631649685,Serious,Foggy,Urban,17
13.040324523469481,78.88334613767624,Minor,Clear,Highway,18
22.571035024890946,88.29643340037458,Minor,Rainy,Rural,2
10.137948281657755,76.34511903166425,Minor,Clear,Urban,1
16.050852401269623,75.20793791345385,Serious,Foggy,Urban,4
13.623319047790364,80.03065335313521,Serious,Clear,Urban,16
15.036193028496282,76.02207291190243,Serious,Foggy,Rural,6
13.633265498918439,77.16887088455111,Minor,Clear,Urban,14
23.1425199977106,85.99910502598695,Minor,Clear,Urban,5
20.802129609055566,77.40517132407598,Minor,Foggy,Highway,15
19.562595119266263,74.32450810231283,Serious,Rainy,Rural,2
27.27156947557768,76.62172095545934,Serious,Rainy,Urban,1
20.75123161867812,72.73944121536168,Serious,Foggy,Urban,16
17.532625458033557,74.51944397180942,Serious,Clear,Rural,13
29.81108648293408,77.74646292532032,Minor,Clear,Urban,14
28.656818531457134,77.19921870231133,Serious,Clear,Urban,13
17.051851980875963,77.74103060719351,Minor,Foggy,Highway,23
18.476229447593422,73.33166295394395,Minor,Foggy,Rural,1
21.429348703413215,72.66908040600181,Minor,Clear,Rural,23
29.598745103662043,77.70024161481507,Minor,Rainy,Rural,22
11.056496763591777,76.74458517511209,Minor,Foggy,Urban,23
13.047446602085225,79.32808702950241,Serious,Clear,Highway,15
18.190798229677554,74.04778714966747,Minor,Rainy,Urban,16
23.31862741045035,85.32285589986705,Serious,Rainy,Urban,10
29.07558805877731,77.10196752150503,Serious,Clear,Rural,17
17.26835391102886,77.5040977629401,Minor,Rainy,Rural,19
29.865229053817718,77.80861614029168,Fatal,Foggy,Rural,12
28.488645817143176,77.14891391410191,Minor,Foggy,Urban,20
14.354025507479381,75.47338491783836,Serious,Rainy,Rural,7
27.54330161200332,76.28691371887146,Serious,Rainy,Urban,12
12.642256322390509,77.42488292940837,Fatal,Foggy,Rural,16
15.950781411463025,77.49222229692828,Minor,Rainy,Urban,9
14.789282637940145,74.86029823573267,Serious,Rainy,Highway,2
13.042659291351532,78.88968160346225,Minor,Clear,Urban,18
12.242421373539111,77.32794221076159,Minor,Clear,Highway,4
12.945722499265475,77.62891075278796,Minor,Foggy,Urban,18
24.050422759081968,77.30150861393612,Minor,Rainy,Rural,16
16.54185329819976,78.80221500908864,Serious,Rainy,Highway,20
13.673022254800403,77.08647618528073,Minor,Clear,Rural,13
19.11791962602488,72.90615533005578,Fatal,Clear,Urban,17
24.081541883861522,77.34254201699646,Minor,Clear,Rural,20
18.94785300502268,73.03599497723057,Fatal,Foggy,Highway,21
22.56895580132452,88.31671154269227,Serious,Foggy,Urban,12
12.158997705293741,77.2372635265156,Fatal,Rainy,Highway,13
30.564263579099517,76.81170351664048,Minor,Clear,Rural,14
23.120214786274147,86.16096771643303,Minor,Rainy,Urban,5
18.90354428396578,77.46924702712468,Fatal,Clear,Rural,4
28.041090606455384,76.73392129419143,Minor,Foggy,Urban,22
18.86943062373384,73.1924683672062,Serious,Foggy,Highway,14
15.149251977122834,74.37062847415545,Minor,Clear,Urban,19
19.7546533882226,72.82244793182566,Minor,Foggy,Urban,2
22.304535735070214,88.0593224662354,Minor,Rainy,Highway,14
12.221542029426649,77.236831638221,Minor,Foggy,Rural,6
13.874754324586304,79.92138149069515,Minor,Foggy,Highway,4
29.73253653268147,76.95646118689469,Serious,Foggy,Highway,5
22.031749374769316,87.77369201489772,Serious,Rainy,Highway,4
29.650388959499093,77.67926490863645,Serious,Rainy,Urban,21
13.121383156721539,77.49989489930333,Minor,Clear,Rural,22
16.719125002391095,76.84166454738796,Minor,Clear,Rural,0
15.070596931424738,79.46984213976685,Minor,Foggy,Urban,10
16.37767537992691,74.95393717400385,Serious,Rainy,Urban,19
20.6186646313057,77.55344637454935,Minor,Rainy,Rural,13
13.08380725010262,79.81125495425907,Minor,Foggy,Rural,18
20.552050928237318,86.10600779655874,Minor,Rainy,Urban,18
28.308704569029153,77.05646156933253,Minor,Foggy,Urban,7
29.859542478763906,76.96670085912099,Fatal,Foggy,Rural,19
22.7652738837351,74.56759386968163,Serious,Clear,Urban,9
26.181012847007036,76.13436835518735,Serious,Foggy,Rural,23
16.330888038594892,75.29796330120081,Serious,Rainy,Rural,15
10.76629639302392,76.6405237663898,Fatal,Rainy,Highway,18
21.061114964410564,78.07300536387937,Minor,Clear,Urban,22
16.269684552122108,75.7132437008496,Minor,Rainy,Highway,6
17.9969827085215,78.40893756807344,Serious,Rainy,Rural,9
15.624268232607838,77.53951579362813,Serious,Rainy,Highway,22
10.428613502880099,76.47869499595818,Serious,Clear,Highway,16
20.897929927276177,78.39863599127862,Minor,Rainy,Urban,16
16.58203712279112,76.51678567367057,Fatal,Clear,Highway,6
15.671249515586847,74.25326990462325,Minor,Clear,Urban,13
20.71935762400721,86.3299065133333,Minor,Rainy,Urban,12
28.7385984140615,77.15394798833583,Minor,Rainy,Highway,9
19.434385230070696,78.2586438297453,Minor,Clear,Rural,0
27.025541819214943,75.88130908372496,Minor,Clear,Rural,22
15.14110733963531,79.41115526085929,Minor,Foggy,Rural,8
9.97263976329644,76.28447318794103,Serious,Rainy,Rural,6
20.67814292160209,77.678271709265,Minor,Rainy,Rural,23
18.71573243317743,73.44103803749239,Minor,Clear,Rural,11
27.705106625883815,77.20031478253689,Serious,Clear,Rural,13
29.38621060013394,77.57980429832004,Minor,Clear,Rural,11
18.33747386466974,78.38884532739182,Serious,Clear,Urban,10
18.603442221652127,78.32318876137761,Serious,Clear,Urban,12
19.6100212704715,74.40883459125939,Serious,Rainy,Highway,2
16.43957452164435,78.8853231977214,Minor,Clear,Urban,11
20.806666520107886,78.1190134934432,Minor,Clear,Highway,21
25.440480095764457,83.04686835748636,Minor,Rainy,Rural,1
11.562600516182394,76.93805194629928,Serious,Clear,Urban,8
15.168266946641937,74.29899323784646,Minor,Rainy,Highway,17
19.810871271474273,75.12906163035656,Serious,Foggy,Urban,13
23.982108900440302,77.31735216043568,Minor,Foggy,Urban,14
16.600240361543868,77.48879883117536,Minor,Foggy,Highway,6
23.96683918252762,77.73158064388417,Serious,Rainy,Highway,15
21.39471079834775,72.70667463944866,Minor,Foggy,Urban,4
12.511948527285814,77.38134526494751,Serious,Clear,Urban,5
27.78826514672496,76.85447615556217,Serious,Foggy,Rural,10
18.94493744903804,73.05851594452992,Minor,Rainy,Highway,21
18.57506609976711,73.78276825184743,Minor,Foggy,Highway,3
10.153478223868078,76.36762049979068,Minor,Foggy,Rural,15
21.519033901357062,87.23437616042182,Minor,Rainy,Highway,7
18.827167245693122,73.265111631335,Minor,Clear,Urban,12
27.551468250945675,76.71313693619317,Minor,Foggy,Rural,6
24.867759639413325,84.12127999378278,Minor,Rainy,Urban,23
16.822098640672902,77.07913045455548,Minor,Rainy,Rural,23
27.263944840158572,76.02813472229056,Serious,Foggy,Urban,11
21.443344292381244,72.69587252506982,Minor,Rainy,Urban,9
13.882995928493123,76.1949074513582,Minor,Foggy,Urban,12
13.063816801999456,79.59699474785819,Minor,Rainy,Rural,8
29.705753981922506,77.6982422441402,Minor,Clear,Rural,17
14.954950967531495,74.63755319988044,Serious,Clear,Rural,22
27.519268981462815,76.27183450431751,Minor,Foggy,Highway,20
19.001779845454983,72.99663504032131,Minor,Foggy,Urban,22
14.441108080430347,76.41311561718075,Minor,Foggy,Highway,9
23.190540838407124,85.84454834096357,Minor,Rainy,Urban,18
19.915029364677547,75.39759134859948,Minor,Rainy,Highway,12
15.098060197995371,75.93691857753467,Minor,Rainy,Rural,13
28.47316599273142,77.08906277223775,Minor,Rainy,Rural,7
17.234742002940013,78.16245374811609,Minor,Foggy,Urban,18
22.09791568889974,74.25625265173218,Serious,Rainy,Rural,22
11.93780563332909,77.22188230201894,Fatal,Clear,Highway,16
29.453911585234174,77.01696786827327,Minor,Foggy,Rural,21
11.58007605809801,77.00376747816756,Minor,Foggy,Highway,22
15.087038716740297,79.44494739102821,Serious,Foggy,Urban,6
21.045168939771752,78.86096534376124,Minor,Rainy,Highway,2
9.952170258810828,76.28955482714193,Minor,Foggy,Rural,12
18.594281911086977,73.70533051911556,Minor,Foggy,Rural,19
19.704376293583618,78.23554481780795,Minor,Foggy,Highway,9
17.01875410405897,77.60309491267078,Minor,Rainy,Highway,11
13.559414151567317,76.66371634697933,Serious,Foggy,Highway,7
29.9382336890115,76.89687212555496,Minor,Clear,Highway,14
27.817482788210768,76.54160027051465,Minor,Foggy,Rural,18
28.103880179186344,76.79041258077646,Minor,Rainy,Urban,23
19.063008987554593,78.26037006043018,Minor,Rainy,Urban,16
23.570118555636963,77.31718708733561,Minor,Foggy,Urban,19
27.36186797339368,76.19571602766322,Minor,Foggy,Highway,18
28.998007872849023,77.110050212138,Minor,Clear,Urban,13
22.548219510263287,72.61305786636792,Minor,Rainy,Rural,12
15.948807629956303,74.95538611043064,Minor,Clear,Urban,8
18.652488165517006,73.2033853101186,Minor,Foggy,Rural,9
15.53833746095717,77.50319660429469,Minor,Rainy,Highway,21
18.653238054671647,73.65819698900096,Serious,Foggy,Highway,19
27.58664480946962,76.35619504453912,Minor,Foggy,Highway,20
14.43799218366085,75.4013203590786,Minor,Foggy,Urban,6
17.213344346826005,74.33063552203645,Fatal,Clear,Rural,19
26.966052917033846,75.84935378896706,Minor,Clear,Rural,17
20.3301795024132,72.78027694247679,Serious,Foggy,Urban,5
15.585560712700044,75.5684989236414,Minor,Rainy,Urban,23
29.134247468169868,77.09683098506802,Serious,Foggy,Rural,3
16.655427185842225,76.71269850751828,Minor,Foggy,Highway,5
16.84752629636849,77.14510998150497,Fatal,Foggy,Highway,6
18.680419593706013,73.5918531581353,Serious,Foggy,Highway,10
22.58841047956909,88.30737278641388,Serious,Foggy,Rural,13
14.236248129844979,75.70787586034436,Serious,Clear,Rural,4
18.759476636486795,73.46619273907257,Minor,Foggy,Urban,12
27.431368757194324,76.23224459850245,Serious,Clear,Highway,1
13.022084009728307,78.93892757895365,Minor,Foggy,Highway,7
13.608911632807867,76.60947505610153,Minor,Clear,Highway,7
27.15854249865958,76.54792135327486,Minor,Clear,Highway,18
20.68872812047542,86.27007718208513,Minor,Rainy,Urban,6
18.64630764234779,73.65380406456245,Serious,Foggy,Highway,3
15.818934749649896,75.37215157067062,Minor,Rainy,Highway,9
13.899610437306245,76.20291546619379,Serious,Foggy,Rural,15
13.882994486941662,76.89637809319748,Minor,Foggy,Urban,13
22.255742668511054,77.938494107583,Serious,Foggy,Highway,3
21.802755690827492,72.68185936117733,Minor,Clear,Urban,10
30.46128345877182,76.80050628497062,Serious,Rainy,Highway,17
29.585682996878873,77.64274700085318,Minor,Rainy,Rural,17
28.22138467276347,76.85757871122588,Minor,Foggy,Urban,2
11.235158340378948,77.06181290828795,Minor,Rainy,Highway,3
19.71666218200809,72.84206657676668,Minor,Rainy,Highway,18
12.317775610416602,77.273798592369,Minor,Foggy,Urban,14
15.340661257792759,79.33497709385547,Minor,Clear,Rural,22
12.694688370929736,77.53127740323417,Fatal,Rainy,Urban,15
23.104342330162037,86.33936942298733,Serious,Clear,Urban,5
16.5054583091056,75.24591569859173,Serious,Foggy,Urban,0
30.36151100090468,76.83240874324969,Serious,Foggy,Rural,20
19.031397011173482,72.90051211835616,Serious,Rainy,Highway,13
15.828478852914415,75.7036722391539,Minor,Foggy,Rural,12
16.06477616840494,75.48525736405851,Serious,Clear,Urban,16
22.726851288902196,87.6744823689956,Serious,Foggy,Urban,12
29.29535460364941,77.08102695296046,Serious,Rainy,Rural,2
26.699836835559072,80.70702925077087,Serious,Clear,Highway,13
19.39655051249247,77.45535540285701,Minor,Rainy,Rural,19
18.884706255081753,73.14341121374221,Minor,Foggy,Urban,18
13.262913353088644,77.13559860457157,Minor,Clear,Urban,20
18.142167492328824,77.47359528423704,Minor,Clear,Rural,0
17.75548527360433,78.46004212417829,Minor,Clear,Urban,17
18.738159618942138,73.14609129812483,Serious,Foggy,Rural,22
13.039766005313018,78.65005382737064,Minor,Clear,Rural,2
23.21047080378849,85.89736774261118,Minor,Clear,Urban,23
27.583159794098073,79.04419789639904,Serious,Clear,Urban,8
12.28833962016061,77.36159266878747,Serious,Foggy,Highway,10
21.92742813103686,87.64253398753674,Minor,Rainy,Urban,10
18.69612800445931,73.56465368437094,Minor,Foggy,Highway,12
28.016867007705947,77.24789432401255,Minor,Foggy,Urban,9
11.747664949147401,77.20090080440788,Serious,Clear,Urban,19
22.59591814933603,77.34673600706905,Serious,Foggy,Highway,11
28.995225176213765,77.42235657588913,Fatal,Clear,Rural,23
16.65493393657179,78.81200057155192,Fatal,Foggy,Highway,19
17.006816692267552,77.49156497823176,Minor,Foggy,Urban,16
16.675395268232837,76.69727610151018,Minor,Rainy,Urban,14
13.052506340326678,79.47250030943975,Serious,Clear,Rural,19
12.310150493785672,77.39797681503981,Serious,Clear,Urban,8
15.707614019595113,79.16082185855329,Serious,Foggy,Urban,23
11.791760744144176,77.06328572781766,Serious,Clear,Urban,21
15.441173469527236,79.30724383839879,Serious,Rainy,Highway,8
17.947490844305914,74.23435191881022,Minor,Foggy,Rural,9
20.59768442693493,73.54645722584362,Serious,Clear,Rural,5
21.263940118359756,86.85356442320206,Minor,Foggy,Highway,5
13.06265026800871,77.58063471156309,Minor,Rainy,Rural,20
26.649436159774325,77.43239329136276,Minor,Foggy,Rural,3
18.657736424681378,73.59955872870866,Minor,Foggy,Highway,11
14.234256213808058,75.71001799554458,Serious,Foggy,Urban,22
29.705552914939606,76.9552931976643,Minor,Clear,Urban,2
16.81417993134998,74.59164050165874,Minor,Clear,Urban,7
21.089803686654665,86.68750415855322,Minor,Clear,Urban,19
18.713560789364777,73.47023372687529,Serious,Foggy,Urban,13
18.784021051546695,73.06284737814903,Fatal,Clear,Rural,15
14.162529729454837,76.78938899285684,Fatal,Clear,Highway,4
27.57988380045588,76.29394004170092,Serious,Foggy,Rural,15
19.322379578622602,72.86790200809997,Fatal,Clear,Urban,14
14.183658971845423,75.75994728666161,Minor,Foggy,Highway,1
14.75574152100304,74.9092379496451,Minor,Clear,Urban,18
17.16271984388146,74.75986273165111,Minor,Clear,Highway,14
16.36573058647836,75.9026777842546,Minor,Foggy,Highway,5
20.486246184420903,86.02838959690118,Minor,Clear,Urban,20
19.42284669187871,78.2525552262926,Minor,Rainy,Rural,0
20.073729363386292,72.8062505486177,Serious,Rainy,Highway,22
13.704421906228072,77.12226618717406,Minor,Clear,Highway,15
17.247767385506872,78.09978253816318,Minor,Rainy,Rural,21
29.175173476168805,77.06998026721716,Minor,Rainy,Urban,5
15.271872170594675,75.81481381509616,Minor,Clear,Rural,13
15.709582211393226,79.18128874036144,Minor,Clear,Rural,8
20.214022784848293,76.28877859249445,Fatal,Rainy,Urban,21
18.26139958418428,74.04201947939346,Serious,Foggy,Rural,1
16.044854108064477,75.20080808225487,Minor,Rainy,Rural,6
24.708113610406784,84.40914379728109,Minor,Foggy,Rural,0
13.001992761659729,77.6137951145943,Minor,Rainy,Highway,5
19.99062475982401,72.77766749181224,Minor,Foggy,Highway,14
19.004512765330084,73.02354607567936,Serious,Clear,Highway,21
18.273945622696555,77.4559593027147,Serious,Clear,Highway,14
29.653817099723636,77.00782315651718,Serious,Rainy,Urban,6
14.00300072096325,76.82272908259165,Fatal,Rainy,Highway,21
21.585338657941183,72.66338473469149,Serious,Rainy,Urban,16
13.033418455535932,78.68813919624994,Minor,Foggy,Rural,14
27.879973034096192,78.50516270305198,Serious,Clear,Rural,8
24.104762474663534,77.29501123482156,Minor,Clear,Highway,2
20.256325820391034,76.33627743667627,Minor,Clear,Rural,22
19.307869583169122,78.24418031626745,Serious,Foggy,Rural,17
30.391773374188258,76.83751222872027,Serious,Rainy,Rural,10
19.482449945643857,72.82418633483458,Minor,Rainy,Rural,8
22.959184222446723,86.78047830400169,Minor,Clear,Urban,19
30.248228260171544,77.96367744779018,Serious,Foggy,Rural,10
30.2287979981059,77.99546433223368,Minor,Rainy,Highway,9
15.648015244404347,75.5397269696075,Serious,Clear,Highway,14
18.649904654747246,73.5993621587951,Minor,Clear,Urban,16
18.87838137256137,73.17580812774389,Minor,Clear,Highway,22
27.18405070179249,76.02199261515395,Minor,Foggy,Rural,15
22.748996860240744,74.5252481608106,Minor,Rainy,Rural,12
15.121486205870188,74.36954316145115,Minor,Clear,Highway,15
12.651372471862782,77.4838674910422,Minor,Clear,Highway,23
27.05064156596376,76.49753181465766,Minor,Rainy,Highway,9
21.49577699041722,87.16845696889823,Minor,Rainy,Urban,11
16.856303239171197,77.15975571076623,Minor,Rainy,Rural,4
17.3450546613542,78.35277123872955,Serious,Foggy,Highway,6
19.278979071159583,77.40319819340563,Serious,Foggy,Rural,4
28.88875367775415,77.12737564009407,Minor,Clear,Rural,22
20.87279488113007,78.11206078038224,Fatal,Rainy,Urban,6
22.874842428580596,77.32292904227742,Minor,Clear,Highway,17
29.570443788596293,76.99592058691638,Minor,Clear,Highway,13
15.68321487194963,75.4753265431484,Minor,Foggy,Highway,23
18.16145364476183,73.56622988726966,Serious,Foggy,Highway,22
28.30575229624936,76.92513437227092,Minor,Rainy,Highway,18
28.273272230421753,77.18622978391508,Fatal,Clear,Highway,18
22.08307112562575,87.81735888199539,Minor,Clear,Highway,21
14.98470821107847,74.62318214883119,Minor,Foggy,Urban,3
28.014081087549496,76.7157798787618,Minor,Foggy,Rural,17
28.07748437814769,76.74075028279353,Serious,Clear,Highway,10
21.16962115512486,72.70985776479341,Serious,Rainy,Highway,21
12.908091176942701,77.54568800868202,Minor,Foggy,Rural,21
17.58863766855893,78.45441309509069,Serious,Rainy,Rural,22
24.667608360721545,84.48377064142554,Minor,Rainy,Highway,10
21.052748083296375,72.72949925387447,Serious,Rainy,Highway,5
16.129549124134847,75.43011496411185,Minor,Foggy,Highway,20
12.99608976073149,77.84614734638008,Minor,Foggy,Rural,4
29.806214663845687,76.96850819262048,Minor,Rainy,Rural,6
24.38397213114658,84.9838938742077,Serious,Foggy,Urban,17
19.04881391149244,72.92974573339632,Minor,Clear,Rural,4
12.085898907082207,77.23482146342731,Minor,Foggy,Highway,23
13.038901568268306,79.0748963009193,Minor,Foggy,Highway,1
22.57254218548808,72.61666226378225,Fatal,Clear,Rural,20
22.976777204886396,86.68716779499505,Serious,Rainy,Rural,15
16.70278988283969,78.77240820303395,Minor,Foggy,Rural,23
20.011658055881124,72.81571044064842,Minor,Rainy,Rural,22
11.435591273166636,76.91647962207944,Minor,Rainy,Rural,14
17.068688231960984,74.40145170611794,Minor,Rainy,Urban,18
28.84706372175025,77.323362961871,Minor,Clear,Highway,0
29.137503175456793,77.43521960176662,Minor,Rainy,Highway,9
27.526928157730076,76.33085812954509,Serious,Foggy,Urban,21
23.941675726367116,77.73031896163275,Minor,Clear,Rural,23
20.01366062363061,75.67225948264576,Minor,Rainy,Urban,7
13.204184797300089,80.20486558601954,Serious,Rainy,Urban,6
11.811181707656234,77.20466070361164,Serious,Rainy,Rural,16
20.961785869302233,86.59262312344715,Serious,Rainy,Highway,6
26.374541581581617,76.18120408233308,Minor,Foggy,Urban,6
12.987346776583617,78.13060613839761,Serious,Rainy,Urban,20
27.173776369257652,76.00346969721627,Serious,Foggy,Urban,12
30.454845146504816,76.84001157941975,Minor,Clear,Urban,16
30.13848723080681,77.9564128161945,Serious,Rainy,Rural,12
11.549267558123853,77.11723480485574,Serious,Foggy,Highway,11
18.82720105307222,73.29058370933019,Serious,Clear,Rural,12
23.090101777030434,77.34404968521882,Minor,Clear,Rural,15
19.005974307842813,72.97533893683921,Minor,Clear,Highway,6
15.826594346842498,75.35809149548,Serious,Rainy,Highway,4
23.196546535988748,85.83348069391702,Minor,Rainy,Highway,9
20.630376727180302,72.73267143949413,Minor,Rainy,Urban,12
20.193063926058915,76.32516353135537,Serious,Foggy,Urban,7
19.937594944214005,72.82384878896785,Minor,Clear,Urban,3
18.95632928054819,73.12827061814633,Minor,Clear,Rural,7
27.013137267462184,80.18272148769366,Fatal,Rainy,Rural,6
28.982559400177724,77.09818655433389,Serious,Foggy,Rural,2
18.90744795343414,73.10214456586465,Minor,Foggy,Highway,21
14.474230155284516,75.379849121409,Minor,Clear,Rural,19
13.018955802610344,78.8272045458316,Minor,Clear,Rural,19
19.29183728509978,72.98615992170194,Serious,Rainy,Urban,5
25.43708266375295,83.04892012178507,Minor,Rainy,Rural,21
10.512980161178568,76.48642410665745,Serious,Rainy,Rural,13
27.365751144263932,76.16048519172003,Minor,Rainy,Highway,17
28.670558990825572,77.18555360671263,Serious,Rainy,Rural,8
21.251439848750767,86.86821040872238,Serious,Foggy,Highway,8
12.987888603855813,77.83910899953729,Serious,Foggy,Highway,12
14.85222729352868,76.30415975534352,Fatal,Rainy,Urban,16
13.379607621673015,76.96841202895835,Minor,Rainy,Rural,4
20.194733731493702,73.3949061052082,Minor,Foggy,Rural,3
12.405997528125182,77.33203795064915,Minor,Foggy,Highway,13
29.76936701499614,77.76359765890402,Serious,Rainy,Urban,16
24.1673034509675,75.17071608931386,Serious,Clear,Urban,21
29.53654765320842,77.65067484358458,Minor,Rainy,Highway,12
16.159473017315243,75.41055544222944,Minor,Foggy,Rural,15
22.161462863758725,72.62920719479779,Minor,Foggy,Rural,5
27.146348983974715,77.35101891870715,Minor,Rainy,Highway,16
29.133979639737564,77.0644589759435,Fatal,Foggy,Rural,12
21.522805814833323,77.98439530272456,Minor,Foggy,Highway,13
15.502995922629545,73.915940324464,Serious,Clear,Rural,11
20.347108055431324,85.85903953360781,Fatal,Clear,Highway,13
21.589176673288,74.00933292146648,Fatal,Foggy,Urban,15
18.891647024058322,73.14243472804526,Fatal,Clear,Rural,11
18.81966172659741,73.29654269300076,Serious,Rainy,Highway,0
13.531998078261044,77.17840962153674,Minor,Foggy,Urban,5
16.722855661660848,75.0730746941525,Minor,Clear,Rural,4
29.788799779228277,76.96768683018453,Minor,Clear,Highway,11
22.555664424594077,88.34171399924853,Minor,Rainy,Rural,13
13.309859652887958,77.11814803064509,Minor,Foggy,Highway,12
21.97492949627089,72.65893780975816,Minor,Rainy,Highway,10
21.584241891096624,72.66322310841056,Minor,Foggy,Highway,7
11.86892845780461,77.23552939181745,Minor,Foggy,Rural,15
21.689788955279084,87.40268220804303,Minor,Rainy,Highway,1
10.057255529738041,76.309346654986,Minor,Foggy,Urban,16
28.352177092634395,77.06834473018131,Serious,Foggy,Urban,6
21.930888456422757,77.97541292029341,Serious,Rainy,Urban,11
15.012471727745538,79.47655822499556,Serious,Clear,Rural,18
21.90942242193833,87.67599259687974,Minor,Foggy,Rural,11
20.930511260470922,72.71795340320453,Fatal,Foggy,Rural,21
23.012008767594846,74.66020707973266,Minor,Rainy,Urban,18
12.315248533598378,77.3944901484897,Minor,Foggy,Rural,7
16.124202300609543,75.4012353825261,Serious,Rainy,Urban,7
27.729811990463084,76.47985419284497,Minor,Foggy,Rural,21
19.611217267256148,74.40805667306098,Minor,Foggy,Highway,5
26.319626872260145,81.40433630050791,Minor,Clear,Urban,9
12.858453047898719,77.59193676576213,Minor,Clear,Urban,0
26.450063516870124,76.22795263976353,Minor,Rainy,Urban,6
26.27576965678228,77.4526782526548,Minor,Rainy,Highway,5
18.899076210049895,73.12799736158966,Minor,Clear,Urban,4
23.13921389646825,74.73293640561265,Minor,Clear,Urban,3
12.743981836583034,77.4894491581289,Minor,Clear,Urban,17
21.11532542880118,78.9901056033821,Fatal,Foggy,Urban,17
21.887816336263757,72.63577548401821,Minor,Rainy,Rural,16
22.764983505090935,87.57714882396874,Fatal,Foggy,Rural,3
25.361011876166817,83.23406742638694,Minor,Foggy,Highway,23
12.53921267834698,77.4258031319882,Serious,Rainy,Rural,21
13.488426182349324,77.25218783227918,Minor,Clear,Rural,19
26.98211231030969,75.84429905936844,Serious,Clear,Highway,6
24.11608447392069,85.54452495573898,Minor,Foggy,Highway,17
17.143656556313957,78.5762551514358,Minor,Rainy,Rural,4
22.247011237834204,88.01637941719464,Minor,Rainy,Urban,17
12.347971654413257,77.31882281383369,Serious,Clear,Highway,3
28.43298005596062,77.0199008423271,Minor,Rainy,Urban,14
20.864234876054763,86.42979774057625,Serious,Clear,Rural,3
20.646879599828537,86.22910755118684,Minor,Rainy,Urban,0
11.02678652580417,76.95150406404437,Minor,Clear,Urban,11
25.59030255776717,82.82798947354759,Fatal,Clear,Highway,18
14.124498210720743,76.82672232300511,Minor,Clear,Rural,20
18.50844606138383,73.80640599709817,Minor,Clear,Highway,20
15.735048952738152,75.45309039250408,Serious,Foggy,Rural,4
13.822400793598787,76.89828783875684,Serious,Clear,Highway,11
22.720526563559503,87.77606120300969,Minor,Rainy,Urban,2
19.553229252118225,77.44922926760842,Minor,Foggy,Urban,16
20.996168682779405,73.75283393879364,Minor,Rainy,Rural,2
30.469875591453274,76.83609181232386,Minor,Rainy,Rural,6
17.08754405550578,77.80170262942204,Serious,Foggy,Highway,9
13.027208881714072,78.61005409417875,Serious,Clear,Highway,15
18.940026560375042,78.3270448688805,Serious,Clear,Urban,4
12.987352212281348,77.53624800738369,Minor,Rainy,Highway,3
16.458017160612055,76.13323251214592,Minor,Clear,Highway,9
16.922021429173885,77.28659001663608,Minor,Rainy,Rural,23
27.424198432667108,76.20273276043652,Fatal,Foggy,Highway,19
27.17011167746197,75.99052358017772,Minor,Foggy,Urban,18
22.26116227176291,88.04231733118255,Serious,Rainy,Highway,15
13.055285817719495,77.58667316869969,Minor,Clear,Highway,1
27.58370638182338,76.37484819821843,Minor,Rainy,Highway,4
29.90372838211473,77.83134670135371,Minor,Rainy,Highway,9
22.650549554849746,87.98308528507191,Serious,Clear,Urban,1
14.371456018520869,77.54639240234812,Minor,Rainy,Highway,17
23.94960955115877,85.83133632919674,Minor,Foggy,Rural,15
22.714709113957845,87.81662187951108,Serious,Foggy,Urban,0
29.373324424031054,77.54958450546364,Minor,Clear,Rural,12
14.385292981422461,76.49625149699507,Serious,Clear,Urban,17
20.781139452158058,78.08485355647612,Fatal,Foggy,Rural,2
25.769990325022338,82.43665091720543,Minor,Foggy,Urban,10
20.49440366562782,72.78892079710856,Minor,Foggy,Highway,18
22.219834877151165,72.636866924234,Fatal,Rainy,Highway,12
29.357503959608614,77.54442346756609,Minor,Foggy,Rural,8
20.47405768364191,72.78313502967869,Serious,Foggy,Highway,0
18.684710636997973,73.55185259968819,Minor,Foggy,Highway,6
16.49417467783546,76.24952418210204,Serious,Foggy,Rural,13
21.40120491831599,87.02718170585678,Minor,Foggy,Highway,7
19.0421896891503,72.89136436334626,Serious,Rainy,Rural,5
28.11048904029697,76.78650992700906,Minor,Rainy,Rural,4
28.21928437387455,76.90021707554767,Minor,Foggy,Highway,10
20.98056259611405,86.57972768433949,Serious,Clear,Highway,21
16.738006984178003,74.63847635858497,Minor,Foggy,Urban,15
13.015532598008484,78.05199871768018,Minor,Rainy,Highway,19
13.030686877809043,79.65012159650918,Serious,Foggy,Urban,13
19.158649413590688,73.11654245237077,Fatal,Foggy,Rural,14
29.105506640071983,77.43422676224307,Minor,Foggy,Urban,10
15.018417274540154,76.22177776095538,Serious,Foggy,Urban,19
14.542928274435264,75.23675570649935,Serious,Rainy,Urban,12
23.56909134737563,86.50697086490615,Minor,Rainy,Urban,21
14.594780248990928,79.64440926672812,Serious,Rainy,Urban,12
18.70100328996116,73.16780701981025,Minor,Rainy,Urban,4
12.22992505713047,77.36013173355806,Serious,Foggy,Urban,11
17.69156278451213,78.42305257903695,Minor,Foggy,Highway,10
12.986091376022353,78.29199599199634,Minor,Foggy,Highway,15
14.296705144393187,75.5924494405131,Serious,Clear,Highway,18
15.139070624193389,77.53819562808991,Serious,Foggy,Highway,4
28.337533863559973,76.93288690056801,Serious,Rainy,Rural,12
13.05656866387811,79.83663824196918,Minor,Foggy,Urban,3
29.85667672913604,76.97128317606276,Minor,Rainy,Urban,10
15.576431033121171,74.0704561576615,Minor,Rainy,Urban,20
15.053065451936094,79.47806544794436,Serious,Clear,Urban,0
26.393646052806048,77.47959372136378,Minor,Clear,Urban,3
28.345913698493135,76.99420105883335,Minor,Foggy,Urban,15
11.770895095197865,77.22038499637455,Serious,Rainy,Urban,9
16.831713678741412,75.00904338423017,Minor,Clear,Urban,5
20.279951095318815,73.40974734375726,Serious,Foggy,Urban,19
28.28731469787419,76.95870033255196,Serious,Clear,Urban,8
28.072404509722993,76.77935981141677,Minor,Clear,Highway,13
13.044664252127053,79.11348426700397,Minor,Clear,Urban,0
14.97495521825749,76.24635603826873,Fatal,Clear,Urban,6
13.878371119012117,76.22253088993273,Fatal,Foggy,Highway,7
10.602763388343377,76.54702280059965,Minor,Rainy,Rural,22
20.609838026228104,72.74782374269437,Serious,Foggy,Highway,0
11.015852361613188,76.70638527997157,Minor,Clear,Rural,8
13.026206150143606,78.58081677922911,Minor,Foggy,Rural,17
19.46283605198311,74.0140753851854,Minor,Foggy,Rural,23
13.02022676250702,79.49672900314268,Serious,Rainy,Urban,11
16.493693821681752,75.24396584803465,Minor,Foggy,Highway,21
23.601592037450622,86.4707589907595,Minor,Clear,Urban,7
29.598449702715275,77.67407982665584,Minor,Rainy,Urban,22
14.437024032422185,76.56605156456382,Serious,Clear,Highway,18
16.509694834927004,76.32750050817762,Serious,Rainy,Urban,22
21.947409039400277,77.3955937032835,Minor,Rainy,Rural,12
16.659280227413372,76.72840875681281,Serious,Clear,Highway,22
11.800896711931564,77.22583960307239,Minor,Foggy,Rural,5
25.253056056678243,83.37025195307545,Minor,Foggy,Highway,12
27.32994593654796,79.58654335524407,Serious,Foggy,Highway,11
14.01271938796588,79.90260446998629,Minor,Foggy,Highway,18
22.83963933312607,87.83386332173576,Minor,Foggy,Rural,18
18.813432493111915,73.37557877468213,Fatal,Clear,Rural,20
16.68199636568843,78.76028328533411,Minor,Rainy,Highway,21
14.318076178069207,75.62299866292754,Serious,Clear,Rural,9
23.295057559672866,85.53085276040271,Minor,Rainy,Urban,17
20.177977787916948,76.08570370647608,Minor,Clear,Highway,21
27.27120756587208,76.06340218306205,Serious,Rainy,Highway,11
16.679279055122922,76.7041026617578,Minor,Foggy,Highway,6
23.334542290986303,85.39327309830438,Minor,Clear,Highway,5
27.84990657208352,76.57415873341463,Minor,Rainy,Urban,11
24.637321761070133,77.63811322521761,Minor,Foggy,Urban,2
18.24183998833822,73.51784589346718,Minor,Clear,Highway,23
18.627170917601475,73.22070266180229,Minor,Foggy,Urban,6
21.919378248910828,87.63343774739536,Serious,Rainy,Urban,9
30.147156353495333,76.88730678646934,Minor,Clear,Rural,7
16.407324252438823,76.08493176021368,Minor,Rainy,Rural,22
22.961318145267796,87.6310110725648,Serious,Foggy,Rural,5
28.398424828799946,77.03425682625627,Minor,Rainy,Urban,2
27.199324436083,76.05657670099848,Minor,Rainy,Highway,16
13.442383204828431,76.8487114600005,Minor,Clear,Urban,13
22.66892962678977,88.03477412227545,Fatal,Clear,Highway,12
18.56169564755845,73.71814187002269,Minor,Clear,Rural,22
29.51763420828502,77.68462244389077,Serious,Rainy,Rural,10
26.197049039622694,81.6036316948096,Minor,Foggy,Rural,10
14.36696296723011,76.63733592157755,Minor,Clear,Urban,2
20.03432781546631,75.8291880466051,Fatal,Clear,Highway,16
23.139955833218973,86.05968082421565,Minor,Foggy,Highway,6
11.512490424106575,76.94471443579198,Minor,Foggy,Rural,18
21.029311827822042,86.60899565457454,Serious,Foggy,Urban,16
15.574251103323581,74.02504869860027,Minor,Clear,Rural,12
20.38962949105804,72.75109871913529,Minor,Clear,Rural,1
29.800255861377718,76.93716901928593,Minor,Foggy,Highway,16
22.607473685628193,72.63688235071963,Minor,Foggy,Highway,5
22.027141035310663,87.77094569749347,Serious,Foggy,Highway,10
13.080201279755913,80.04078239336016,Minor,Foggy,Urban,12
13.54471727110112,76.771170778589,Serious,Foggy,Urban,12
29.0496526304366,77.37988082445399,Serious,Clear,Rural,21
15.727452182693645,74.4291290035687,Fatal,Clear,Rural,14
13.628848528643937,77.5885076346839,Serious,Foggy,Rural,22
18.974099840814127,72.99784656535009,Minor,Clear,Rural,1
15.688830306783919,75.47348259187778,Fatal,Rainy,Rural,7
29.329877611506998,77.06273126322364,Fatal,Foggy,Highway,16
22.423145062864826,72.61842029067765,Fatal,Clear,Rural,21
18.982865197796794,72.9762111835151,Serious,Rainy,Urban,8
22.966669047158515,86.68001580940066,Minor,Rainy,Urban,0
27.67139161911799,78.96875821988813,Fatal,Foggy,Highway,8
22.702331467068937,88.168841910338,Minor,Foggy,Rural,13
14.800213240715916,76.35454167528623,Minor,Clear,Rural,19
23.903105732814687,85.90888535517175,Minor,Foggy,Highway,21
27.202905050862636,75.99365655713585,Minor,Foggy,Urban,13
16.383980101811275,77.47978058842617,Minor,Clear,Urban,7
22.515133329300603,88.29027980319238,Minor,Rainy,Urban,15
28.44940233187622,77.13075925552025,Serious,Rainy,Rural,14
27.89883348723251,76.65095187477705,Minor,Foggy,Rural,0
27.955936654348793,76.66229471823603,Minor,Foggy,Rural,8
28.08176590290671,76.74464968817128,Minor,Rainy,Urban,7
13.983781351446412,76.79257286977064,Minor,Clear,Urban,20
17.269168397704274,78.18079387789722,Serious,Rainy,Rural,18
30.69341704486192,76.77280325820956,Minor,Rainy,Highway,10
18.5986748709136,73.75969454337475,Minor,Clear,Rural,3
16.88228577548382,74.97462374887519,Serious,Rainy,Urban,5
19.932826502065733,75.3897807549855,Serious,Clear,Urban,23
20.863529245832236,72.71748825299436,Serious,Clear,Rural,14
11.644529607113,77.18894964679055,Serious,Clear,Highway,3
26.147123797081527,81.77772268301132,Fatal,Foggy,Urban,5
15.095529272444482,79.44361246648347,Minor,Clear,Urban,0
27.191104988546353,76.02440941170492,Serious,Rainy,Highway,20
27.492956417398336,79.24841771006821,Minor,Foggy,Highway,22
16.427041166045964,76.20362496963621,Minor,Rainy,Rural,17
14.540225445046268,75.2413447234327,Fatal,Rainy,Urban,2
12.161772259681527,77.36059395306899,Serious,Clear,Rural,23
11.320689876168075,77.04222891029403,Fatal,Rainy,Highway,2
30.639297106132286,76.80454771473579,Serious,Foggy,Highway,6
16.205669303995364,77.52757557339282,Serious,Clear,Highway,10
25.119683792049127,75.61045731432552,Minor,Rainy,Rural,7
13.531257383986873,76.79232367573474,Minor,Clear,Rural,9
16.518251531336645,76.42804903278831,Minor,Rainy,Urban,10
21.177944487970056,86.79204141812795,Minor,Rainy,Urban,23
29.737753967782183,77.75265454527897,Minor,Foggy,Urban,10
20.891765220372918,78.33974300493125,Serious,Clear,Urban,13
23.722028762829677,86.26572007510671,Fatal,Foggy,Rural,17
22.104003661005255,87.79109068040799,Serious,Clear,Rural,8
27.54014066729725,76.27849295020437,Minor,Foggy,Rural,0
13.062396021485405,80.10341157029909,Minor,Foggy,Highway,0
29.83897567356286,77.78200170830542,Minor,Clear,Urban,9
11.356546176706207,76.85587200624668,Minor,Rainy,Highway,22
14.808340493055773,74.79595293022817,Minor,Rainy,Urban,9
11.73127364781475,77.07244800677162,Minor,Clear,Urban,3
24.044092312289802,85.63989983304788,Minor,Foggy,Highway,12
27.698879422383982,77.30236838838049,Minor,Clear,Rural,20
14.30904661409018,76.73708986952467,Serious,Rainy,Rural,0
22.191047212628572,74.28374593156634,Minor,Rainy,Highway,3
12.268582122463584,77.33380675238082,Minor,Rainy,Highway,21
13.063539117480296,79.44554444132358,Minor,Rainy,Urban,6
27.034305078114212,75.85403937238866,Minor,Rainy,Urban,13
30.39016885567632,76.86620814807696,Minor,Foggy,Highway,13
21.521995314217328,73.98547743857178,Minor,Foggy,Highway,10
12.250133712195941,77.37776281242758,Minor,Rainy,Rural,5
28.583359096095034,77.19483078590832,Serious,Foggy,Rural,20
19.042794684977753,72.88183646020343,Serious,Rainy,Rural,17
15.652428741862522,77.51569713697626,Serious,Rainy,Highway,6
17.358015101642884,78.4422846789199,Minor,Rainy,Highway,14
10.512812745914387,76.52840092025086,Minor,Rainy,Rural,5
13.031168814309728,78.57197379560493,Minor,Clear,Highway,12
13.103068702898,77.61423853773333,Minor,Clear,Urban,1
21.899884385620886,87.58749211653993,Minor,Foggy,Urban,22
28.604904787389223,77.18172449564555,Fatal,Foggy,Rural,12
17.404470838649893,78.50739105154193,Minor,Rainy,Highway,2
20.165222789313212,76.15109971324239,Minor,Foggy,Urban,4
28.544527759291412,77.2273489497077,Serious,Rainy,Rural,22
20.2838163765625,76.57479338811189,Minor,Clear,Rural,13
24.65980954486508,84.54620061616531,Minor,Foggy,Urban,17
13.798671145230676,77.01966602907459,Minor,Clear,Urban,1
18.252358651241746,78.39956166057114,Minor,Clear,Highway,16
27.008076870896108,80.10108521823149,Fatal,Clear,Rural,18
28.74810265606976,77.25944227241769,Minor,Rainy,Highway,16
22.61949927849553,88.02443827760499,Minor,Rainy,Rural,15
20.348301003960653,76.79709130523331,Serious,Foggy,Urban,4
14.766891819614239,76.36184289510926,Minor,Clear,Highway,13
13.600965660872655,76.58319435488248,Fatal,Clear,Highway,18
17.58279444150619,74.46166423045923,Serious,Rainy,Urban,5
13.419272275851494,76.92245949769388,Minor,Rainy,Rural,12
28.555411695951634,77.28376997951791,Fatal,Rainy,Rural,19
15.669646294367073,74.23190710628069,Fatal,Clear,Highway,14
24.589152521501813,84.65185401346109,Minor,Rainy,Highway,0
14.765757447596652,76.35830820947866,Serious,Rainy,Urban,13
11.17256347226699,77.01284578750597,Minor,Clear,Highway,16
22.139986201876383,87.86035862162315,Serious,Rainy,Urban,4
19.729961507722415,74.89086139945007,Serious,Clear,Highway,22
28.24983526981302,77.06420784361316,Fatal,Foggy,Rural,0
16.78894097768758,75.00840787848522,Minor,Rainy,Urban,14
19.47893002777839,74.14857844899164,Fatal,Rainy,Urban,7
26.346015838961353,76.17571499864346,Minor,Rainy,Urban,8
19.9889833984532,72.78034252537074,Minor,Rainy,Urban,11
24.861963326162602,84.10317956801252,Minor,Rainy,Highway,17
22.722621544478603,87.77661623467355,Minor,Foggy,Rural,2
18.826615415271544,73.06341513552532,Serious,Foggy,Rural,11
16.71684658309529,74.67548762976874,Minor,Clear,Urban,3
28.864220874385566,77.12365226801111,Minor,Rainy,Highway,10
14.200345412372872,76.6358819646337,Minor,Foggy,Highway,15
23.017663560732533,86.4547069355606,Minor,Clear,Rural,7
22.80863479384235,72.56672746914967,Serious,Foggy,Rural,1
19.089061686132577,72.83893754208052,Serious,Clear,Urban,22
23.204539997915646,87.1584196013633,Minor,Foggy,Highway,17
20.38371013334128,78.11891166464136,Serious,Foggy,Highway,2
10.585972058287402,76.54594276579702,Minor,Rainy,Urban,7
14.53053219614974,79.67523614018506,Minor,Rainy,Highway,16
11.765852560025323,77.21322017384067,Serious,Clear,Rural,16
13.486829966356698,76.86920262668637,Minor,Rainy,Highway,16
12.193530664603669,77.36697608038837,Minor,Clear,Rural,6
22.120883494032142,87.8779229194777,Minor,Rainy,Urban,3
27.7224242840849,76.43773262648405,Serious,Clear,Urban,14
18.785565028037155,73.41304477401765,Minor,Rainy,Highway,8
30.094090230060075,76.90212542061,Fatal,Rainy,Rural,18
30.127403540569674,77.94720965722314,Minor,Foggy,Highway,4
17.515281967156636,74.04599617008631,Minor,Rainy,Rural,19
15.892843119760746,79.09182917200471,Minor,Foggy,Urban,6
30.26373703268521,76.87687358073815,Serious,Clear,Rural,1
20.16638012457989,76.14279701666855,Minor,Rainy,Rural,7
29.663700555871962,77.69422170834193,Serious,Foggy,Urban,20
16.673868119150896,76.70440774150069,Minor,Clear,Rural,11
23.155227825538123,86.14884366597657,Serious,Foggy,Rural,11
20.493968497997475,77.16324251876914,Serious,Clear,Rural,12
19.34956075236393,72.84532538870815,Serious,Rainy,Urban,11
23.17576439704526,86.0154411923771,Minor,Clear,Rural,22
20.96968061064743,78.62936311611672,Minor,Foggy,Highway,3
27.10362091085571,75.90484295511206,Minor,Foggy,Urban,5
28.819514684437927,77.31749541433193,Minor,Foggy,Rural,8
18.050399682031095,78.39100599183573,Minor,Clear,Highway,19
16.18622189674061,75.43424324382431,Serious,Rainy,Urban,17
29.701748844146174,77.75215019302436,Minor,Rainy,Urban,20
14.481829713822513,76.57032930736392,Minor,Clear,Urban,15
20.47902353705008,86.04112849141337,Minor,Clear,Highway,8
28.325435599487523,77.09533934762347,Minor,Rainy,Urban,3
16.163102900394755,78.95681660765582,Minor,Rainy,Urban,4
27.028259218052323,75.87463875465373,Minor,Rainy,Urban,4
17.87726271466426,74.27995567825187,Serious,Rainy,Highway,6
18.537085437043757,73.82895197933294,Serious,Rainy,Rural,23
21.709953133423053,72.6977790219614,Serious,Clear,Highway,11
28.322394516072684,76.95361826091417,Minor,Clear,Highway,10
20.277204337654297,76.46266393452082,Serious,Clear,Highway,9
19.99564059103832,75.72652551059582,Serious,Rainy,Highway,9
20.93891878543295,77.38949622878687,Minor,Foggy,Rural,12
26.983895970063703,75.78910302780332,Serious,Foggy,Highway,22
25.420375149462036,77.28020371631571,Fatal,Rainy,Rural,14
28.63956440001579,77.17411600778176,Minor,Foggy,Rural,15
12.260001409836509,77.36058353191194,Fatal,Rainy,Rural,19
14.08593183562731,75.89285441178994,Minor,Clear,Urban,7
15.699697538728643,79.18703270421389,Serious,Clear,Urban,8
18.108760965878226,74.12691076158482,Serious,Clear,Highway,11
14.29843261564668,77.53078826739029,Serious,Clear,Urban,13
15.664814243501043,75.77582811292662,Minor,Rainy,Highway,7
25.835066784226548,77.53401946509047,Minor,Rainy,Urban,23
23.20119189184428,74.76085209270623,Minor,Foggy,Rural,2
18.945440625032717,73.09571351387694,Fatal,Rainy,Highway,22
15.0526323729423,79.4292541591114,Serious,Clear,Highway,10
13.430938390528974,77.59000959368622,Minor,Foggy,Urban,20
18.704408071562415,73.4953089529945,Minor,Foggy,Urban,22
30.10842662916713,77.95508313122056,Minor,Rainy,Rural,21
22.898551981860187,87.14072847302032,Minor,Foggy,Urban,19
16.396400432342524,78.8635949846084,Fatal,Clear,Rural,19
15.690758919197359,75.49890588764146,Minor,Foggy,Highway,3
9.917498106682812,76.28915711762494,Fatal,Rainy,Urban,17
20.31447620427091,76.66071121976579,Fatal,Foggy,Highway,8
20.33454477610871,85.8751226187221,Minor,Foggy,Rural,23
16.03522028244719,75.22238864146635,Minor,Rainy,Rural,19
19.31800481503028,73.58985277003,Minor,Clear,Rural,1
25.82086256264437,77.2563150709108,Fatal,Clear,Urban,23
30.423706134077257,76.84444507749748,Minor,Clear,Highway,7
20.841332726513144,78.11357417634271,Serious,Clear,Highway,23
16.269309075147596,78.94195962713563,Fatal,Rainy,Urban,17
13.344847509262014,77.07499391733438,Fatal,Rainy,Rural,4
28.875859814121505,77.14333234136855,Serious,Foggy,Rural,14
13.047558270222135,80.02720718297033,Minor,Clear,Urban,19
12.713158838200096,77.50278504803221,Minor,Foggy,Highway,4
14.711872240203293,79.62595698564162,Serious,Rainy,Highway,11
16.182903161822072,75.4611259461146,Minor,Foggy,Highway,5
27.907063547507974,76.60942921968267,Serious,Foggy,Urban,11
22.90771799283286,87.08076709592746,Minor,Clear,Rural,5
17.245058011748412,78.08034299139526,Serious,Rainy,Highway,20
16.249675471396106,75.72619797201396,Fatal,Clear,Rural,16
13.397274296561218,80.14111573909355,Minor,Foggy,Highway,23
19.09255472461473,72.88448276565093,Fatal,Rainy,Highway,19
16.114693743808477,75.3797462923369,Fatal,Rainy,Rural,6
12.61671744343149,77.45917843130792,Minor,Rainy,Urban,15
24.281984584336623,85.17949419360254,Serious,Clear,Rural,1
12.679552482461752,77.52333654351419,Serious,Rainy,Urban,13
26.602527870464804,77.44292530749796,Serious,Clear,Urban,12
20.98751409731003,86.59025909442262,Minor,Clear,Rural,4
21.780364170564063,87.48044750666286,Serious,Foggy,Urban,8
17.276214569605152,78.17635194098622,Minor,Rainy,Highway,0
19.157334987623432,72.87120413322585,Fatal,Foggy,Rural,9
17.575191897134374,74.52862884986509,Minor,Clear,Rural,10
12.555784913489667,77.38690335459835,Minor,Clear,Urban,6
15.606073248204979,77.5047452511865,Fatal,Clear,Urban,3
30.219805753492892,76.86077461737881,Minor,Foggy,Urban,21
26.400403131572062,77.28049109854942,Minor,Rainy,Highway,12
10.296025747137078,76.42192728230681,Minor,Clear,Urban,12
29.596889295529554,77.71072005462337,Serious,Clear,Rural,19
16.81126056379946,77.0250634493231,Serious,Rainy,Rural,5
28.404822652433115,77.20065381748579,Minor,Clear,Highway,9
22.95375896566019,86.83676674974807,Minor,Clear,Highway,3
22.168179077859975,87.90069039376586,Minor,Rainy,Highway,6
14.411580856659425,79.68140096092874,Minor,Clear,Urban,18
19.01473270074352,72.96244586793111,Minor,Foggy,Highway,1
14.412385643465669,77.55675462343946,Minor,Clear,Rural,19
15.756596007362946,75.47932446898275,Minor,Clear,Urban,8
19.380578091946756,73.86613043721084,Fatal,Clear,Highway,7
19.62987490931669,74.58881153975176,Fatal,Rainy,Urban,5
17.553077675002818,78.48399081054154,Minor,Clear,Rural,9
20.33750583101699,76.70303605458534,Minor,Clear,Rural,16
26.537843892687356,76.27755285784745,Serious,Clear,Rural,15
19.735918052844415,73.14089319425683,Minor,Clear,Urban,13
22.937354643250387,86.93558040503402,Minor,Foggy,Highway,17
10.475914408348638,76.50965843805415,Minor,Rainy,Highway,20
14.823756680603253,79.52083926735315,Fatal,Clear,Rural,4
16.75300445494478,77.00966165267592,Serious,Foggy,Highway,22
29.30394810663779,77.52163037733317,Fatal,Foggy,Highway,1
13.017042125860947,77.56657042923237,Minor,Foggy,Highway,23
20.97953393121239,86.59454813074773,Fatal,Clear,Highway,11
18.393305052578704,78.38257775847693,Minor,Rainy,Urban,17
27.511555057509778,76.69958553532688,Minor,Rainy,Highway,9
15.730018107734836,74.46526816049128,Minor,Clear,Rural,5
12.47590708399664,77.37636760960906,Minor,Foggy,Urban,15
20.132800138012026,76.08840503032161,Minor,Clear,Rural,10
21.49166264271908,72.7102904312672,Serious,Foggy,Rural,7
13.041052469094613,79.85310082202841,Minor,Rainy,Rural,17
18.465284079770125,73.92319144129537,Serious,Clear,Rural,19
16.262944503820517,75.36112166990792,Serious,Clear,Urban,16
22.676730982901603,72.60873637188229,Serious,Rainy,Urban,21
28.28552227627109,76.93593447209315,Serious,Foggy,Highway,6
30.11104439989032,77.90890063365632,Minor,Clear,Highway,5
16.855000552673914,77.11213985061478,Minor,Clear,Urban,12
20.573444054794216,77.33045483087393,Serious,Clear,Urban,2
20.25109104433874,72.77197144482295,Minor,Clear,Rural,20
18.760441835847132,73.3896016833712,Serious,Clear,Rural,14
20.841028406552066,86.46885379933047,Serious,Foggy,Highway,13
12.991198030937861,78.32062564193627,Minor,Foggy,Rural,8
13.3641598155615,77.2813433837378,Fatal,Rainy,Rural,16
25.279769394044866,77.29803453849809,Fatal,Clear,Rural,0
12.655715397488496,77.43519000887906,Fatal,Clear,Highway,11
15.746005422303897,75.69885549961872,Minor,Foggy,Highway,19
14.204888837630852,75.77229188655791,Minor,Rainy,Rural,0
15.743145385309827,79.15794152063675,Serious,Rainy,Highway,23
13.14039707385324,77.33167869147046,Serious,Clear,Highway,11
29.036110542991075,77.12025509719132,Minor,Rainy,Highway,3
11.274528650023216,76.82596547179612,Minor,Rainy,Highway,6
13.04059849983032,79.92242706793522,Minor,Clear,Highway,11
29.665007926038385,77.69997949548723,Fatal,Clear,Urban,0
20.14386975034798,78.1597608506047,Minor,Rainy,Rural,0
26.648706901540574,80.75857680443055,Minor,Foggy,Rural,16
18.987876226465033,73.0328313751481,Fatal,Foggy,Rural,18
12.125597050764167,77.30498130818202,Minor,Clear,Highway,17
13.0196405375832,78.28789872297808,Minor,Rainy,Urban,10
11.111950352224246,77.00020382175803,Serious,Foggy,Rural,4
17.249163587422913,74.70491778918074,Minor,Rainy,Urban,3
13.014567704496141,78.69121028082238,Minor,Rainy,Rural,7
24.463945132601953,84.8282621758688,Minor,Rainy,Highway,7
27.402031835172345,79.49987291665451,Serious,Rainy,Urban,16
26.432762496108033,81.24130240425579,Minor,Rainy,Urban,23
23.873117969105746,85.98767333038266,Minor,Foggy,Urban,21
13.066188262290336,79.54777865369257,Minor,Clear,Rural,13
15.83646111495175,74.72447032456267,Serious,Rainy,Highway,21
26.97553118540713,75.84793657762246,Minor,Rainy,Urban,10
23.248524128886487,77.78551253255263,Minor,Foggy,Urban,4
28.509288099264545,77.14597330982858,Minor,Foggy,Highway,7
19.78489346323655,72.82841881102249,Minor,Clear,Rural,23
30.326687470541124,76.86551210433903,Serious,Rainy,Urban,5
12.406269554196903,77.40934931362513,Minor,Rainy,Rural,0
28.648250554535213,77.22568011535682,Minor,Clear,Rural,1
30.15771378095673,77.9734518605569,Serious,Rainy,Urban,10
10.868474641455224,76.63576744704466,Minor,Foggy,Urban,18
22.726733194150693,87.67181172023925,Minor,Rainy,Highway,19
18.330554019061132,73.44765548673173,Serious,Rainy,Highway,8
10.216756300080776,76.38423410049889,Minor,Rainy,Rural,20
19.863350418608462,78.22133893461876,Minor,Clear,Highway,8
18.912509022057417,73.17830099460554,Minor,Rainy,Rural,9
20.77798705390912,73.61986803065354,Minor,Foggy,Rural,14
15.613400783658816,74.11301545610714,Minor,Foggy,Rural,14
15.752784331279495,75.73564943536736,Minor,Rainy,Rural,18
16.33532114203922,75.02188862192193,Minor,Clear,Highway,3
14.157579575807256,76.69083789613086,Serious,Foggy,Urban,23
25.329925910347892,77.28710556222215,Minor,Clear,Highway,14
12.689791413740743,77.52536565229235,Minor,Rainy,Highway,14
27.207045396409548,76.07242172860447,Serious,Rainy,Rural,4
26.98632464748148,80.18346194260269,Serious,Rainy,Rural,22
18.990700488882624,72.99080257050241,Minor,Clear,Highway,2
22.668120420162857,72.63249000082324,Minor,Rainy,Rural,1
27.434611450960176,77.33229394693105,Minor,Rainy,Highway,10
13.257900672261915,77.3862517826535,Minor,Clear,Highway,10
20.067926023486592,72.82749777777828,Minor,Rainy,Urban,13
13.083867501129701,79.81363639431196,Minor,Rainy,Urban,9
13.063366191801569,79.72635598716627,Minor,Foggy,Urban,10
29.509596981957678,77.63266461278806,Serious,Foggy,Rural,1
16.193277796882676,75.07253404429031,Minor,Foggy,Highway,15
21.80864233656916,74.11024489464906,Minor,Rainy,Urban,0
17.96938250890142,74.2306661029916,Minor,Foggy,Highway,15
23.891736353626936,85.92481295847598,Serious,Foggy,Highway,15
20.038754060047804,75.84671404515029,Minor,Rainy,Rural,0
15.513064862129736,79.26921078023074,Serious,Foggy,Highway,10
24.052524470318783,77.72567394976582,Serious,Foggy,Urban,5
28.304924903659767,76.92757192863016,Fatal,Rainy,Highway,0
16.004872940605118,79.05009561478765,Serious,Rainy,Highway,14
27.7233551810484,76.49650516724518,Serious,Rainy,Highway,9
18.873250887149137,78.2898920440249,Fatal,Clear,Highway,0
13.849212867447562,76.24281760318634,Serious,Foggy,Highway,21
12.608777836368,77.41711232271427,Minor,Rainy,Urban,1
28.583620250611677,77.18510620555303,Minor,Foggy,Urban,2
18.782427044737247,73.34107232132315,Minor,Foggy,Highway,2
12.950791750542345,77.57966376902917,Minor,Foggy,Highway,22
18.91814263668528,72.98482762132996,Serious,Clear,Urban,2
18.89333839239487,73.18242838932969,Minor,Clear,Rural,21
27.570459247354798,76.33208505926986,Serious,Rainy,Urban,16
18.850076144068357,73.22223683235258,Minor,Foggy,Highway,11
19.51666748521028,78.20879811931785,Minor,Foggy,Rural,10
18.518996230298736,73.27790068923977,Serious,Foggy,Rural,7
13.059752541600568,79.25929535827426,Fatal,Clear,Urban,9
23.893732679699863,85.91924073355237,Serious,Rainy,Urban,0
22.245676457275938,88.0027612093415,Minor,Clear,Rural,13
20.4989887145948,77.15484010023616,Minor,Foggy,Urban,0
30.494257631059366,76.81555505133917,Minor,Foggy,Highway,11
20.78285384279624,77.41270036883482,Minor,Rainy,Urban,20
18.19942579735029,74.02909130694442,Minor,Rainy,Urban,22
29.244193456022266,77.49409011282123,Serious,Foggy,Highway,7
29.12434645355131,77.0866435118647,Minor,Rainy,Urban,13
19.89207648054835,72.81741329505375,Minor,Rainy,Rural,21
15.511666252848924,73.90355427960714,Serious,Rainy,Highway,2
13.6989810580429,77.04381795327613,Minor,Rainy,Urban,10
29.281911219412603,77.07261599616804,Minor,Rainy,Highway,18
12.799375788579793,77.51851173131101,Minor,Clear,Highway,11
29.779269118643388,77.75622184835652,Serious,Foggy,Highway,19
17.13146094129,78.61610544462168,Minor,Rainy,Highway,3
30.589986691955296,76.77610336841335,Minor,Rainy,Highway,10
17.297799797607276,78.23570222970335,Minor,Clear,Urban,22
17.036312374316083,77.72609619486228,Minor,Clear,Rural,11
29.26344356794368,77.07147544191048,Minor,Clear,Rural,22
24.480210618922705,84.83802542679813,Minor,Foggy,Highway,7
12.374889817791457,77.41218790120764,Minor,Rainy,Highway,9
13.474583000508154,77.26717040143662,Serious,Foggy,Rural,5
11.907628833474128,77.16696879456826,Serious,Clear,Urban,15
10.160036098419123,76.39076542988894,Minor,Foggy,Highway,21
24.854371180720232,77.6342537782184,Serious,Rainy,Rural,8
28.321614797011616,77.71500669425221,Minor,Clear,Rural,10
29.536154553616072,77.02881695882553,Serious,Clear,Urban,3
21.152485134505365,72.73786534018026,Fatal,Clear,Urban,5
13.89363990065727,76.92590326983455,Serious,Clear,Rural,8
17.33721712786581,78.40465881585757,Serious,Rainy,Urban,13
26.977996733275578,75.87455241557423,Minor,Clear,Urban,7
21.10538219348723,86.71927809591992,Serious,Rainy,Highway,6
16.752780796729823,78.71872466266917,Fatal,Clear,Urban,6
17.034345333047646,78.63929765199019,Minor,Foggy,Rural,20
17.53552902724125,77.4468376127824,Serious,Rainy,Highway,16
25.571488518891414,82.78267857985009,Minor,Foggy,Highway,7
18.869799394150913,73.22393630431331,Serious,Rainy,Highway,20
24.03377091602088,77.70104644446465,Fatal,Foggy,Highway,18
26.665300157585747,80.84379697427563,Minor,Clear,Urban,21
21.825216638406815,74.10427658096305,Serious,Rainy,Highway,21
27.46372895547772,77.22444371174792,Serious,Rainy,Highway,20
15.22737976172955,79.3748683338346,Minor,Foggy,Rural,15
15.879537198644405,74.78428971327943,Minor,Foggy,Urban,21
28.371410269569413,77.09925947789719,Minor,Clear,Rural,0
18.443349294705683,73.90226559430411,Fatal,Clear,Highway,1
17.13463721747333,74.7699389075708,Minor,Rainy,Highway,16
22.796023093013392,72.61082368673462,Minor,Clear,Rural,9
27.184326879256343,75.97818665171683,Serious,Foggy,Urban,22
22.334770486600046,88.05183522263069,Minor,Foggy,Urban,17
15.149438470375847,79.41861072700368,Fatal,Clear,Highway,8
22.100467768481966,72.6437021066139,Minor,Rainy,Urban,23
17.154633933283513,78.55744442278156,Fatal,Rainy,Highway,7
13.071065994777404,79.54673846783919,Fatal,Rainy,Rural,8
21.393230848999412,87.03904961685716,Minor,Foggy,Highway,14
18.65815141607622,78.35967474983521,Minor,Rainy,Highway,9
20.677637739960723,73.61261109107456,Minor,Foggy,Rural,23
24.475907001976623,77.6510130861079,Serious,Foggy,Rural,7
21.99944757280453,87.72689595214085,Minor,Rainy,Highway,8
30.27039371584634,77.99391806176794,Fatal,Foggy,Urban,0
28.686633464247045,77.19693808159916,Minor,Rainy,Urban,12
11.80121131138094,77.19483391341821,Fatal,Clear,Highway,6
11.564214977912563,77.15147867406371,Minor,Clear,Urban,0
13.053684316374353,79.75518877163339,Fatal,Rainy,Rural,13
15.869279681358826,79.12453834112301,Minor,Foggy,Rural,18
14.323598282556702,75.59615147246936,Serious,Rainy,Rural,0
28.3591156714949,77.66425292358046,Minor,Foggy,Highway,6
20.484811312614514,86.01604423799208,Minor,Rainy,Rural,10
16.74524536597955,76.85455599938246,Minor,Foggy,Urban,9
13.430142409469955,80.13067311305765,Minor,Foggy,Highway,12
26.718056795527534,80.63871929237271,Minor,Foggy,Rural,12
14.968191406330604,79.46263210827418,Minor,Foggy,Rural,6
27.407099759593287,76.18722615409472,Fatal,Rainy,Highway,15
22.532885551927013,88.29631964577246,Serious,Rainy,Highway,18
23.310168408850313,85.39435043599016,Fatal,Clear,Urban,16
11.33990894612678,77.04394728860261,Serious,Clear,Urban,21
16.509948280804263,78.84324837520808,Serious,Foggy,Rural,11
29.015505213627222,77.42237772312224,Minor,Clear,Urban,22
12.26919090459122,77.28351268883054,Minor,Foggy,Urban,20
18.733750893446473,73.10803895197145,Minor,Foggy,Urban,17
22.19198425123017,74.30532725692098,Fatal,Foggy,Rural,2
27.79227961895142,78.69756409968444,Serious,Clear,Highway,2
15.059124351332464,74.50597447128453,Minor,Foggy,Urban,14
26.438208826729152,81.25649627095534,Minor,Foggy,Highway,7
12.94841203567189,77.60799677071537,Serious,Clear,Rural,18
16.51501633207573,75.2289433718776,Minor,Rainy,Highway,4
20.49590904285534,78.09874936223434,Serious,Foggy,Rural,2
12.992403798857904,78.59159397732469,Minor,Foggy,Urban,20
18.77421520944701,73.4000824369929,Serious,Foggy,Highway,7
28.306576624872132,76.8955535481,Minor,Clear,Urban,6
18.78245167448364,73.40752804574169,Minor,Clear,Highway,0
12.489870084023286,77.35029363087727,Serious,Rainy,Highway,11
15.270932053854837,75.81890713846244,Minor,Rainy,Urban,13
14.790414777442948,79.54659130235078,Minor,Foggy,Highway,14
11.137227553226177,77.00110768614941,Minor,Clear,Highway,0
23.14143355822662,87.28150434115085,Serious,Clear,Rural,23
11.225085273596127,76.81380884126303,Minor,Foggy,Urban,10
20.583328812502142,77.37600641402898,Serious,Clear,Highway,5
19.319807005234864,73.60131614927077,Minor,Clear,Highway,0
13.060823369958285,79.73831682073755,Fatal,Clear,Urban,5
22.88075420625458,87.04180858271083,Minor,Clear,Rural,3
18.616192364496374,73.69536731218467,Minor,Clear,Urban,22
17.44560671399864,74.13515343210898,Serious,Clear,Rural,15
27.92059311229085,76.63692638798776,Minor,Foggy,Rural,1
14.230782686469706,76.61622786454265,Serious,Foggy,Urban,8
27.943848958770648,76.8778142202135,Minor,Clear,Urban,7
20.65596608106764,72.735242540402,Serious,Foggy,Rural,13
29.34637095488706,77.55531056031849,Minor,Rainy,Highway,12
19.33655522659267,73.7079208351807,Minor,Foggy,Rural,1
24.665655046338063,77.28406386252875,Minor,Rainy,Rural,20
21.1733987586515,72.71392392763245,Minor,Rainy,Urban,21
22.670775456699825,87.8595722249458,Minor,Foggy,Rural,22
29.104266828537156,77.46654400561393,Minor,Clear,Rural,16
21.624896721555757,87.29283678160022,Minor,Rainy,Highway,20
29.633511497309478,77.72147947998361,Minor,Rainy,Highway,1
30.148592346257082,76.9053408111268,Serious,Rainy,Urban,12
28.73384593268369,77.26660669655251,Minor,Rainy,Urban,17
13.044135406762253,79.70456772989162,Minor,Foggy,Highway,14
13.544466775804331,76.73894228876455,Minor,Clear,Highway,17
22.707662073589137,87.80998429772946,Minor,Rainy,Highway,4
16.306210118813908,75.35530695307453,Minor,Foggy,Urban,19
27.817027376295393,76.53156412580564,Serious,Rainy,Rural,22
22.39288615113171,74.35988864896665,Minor,Clear,Urban,14
21.863466952632837,87.57426853204115,Minor,Clear,Urban,15
11.962683244328506,77.27862451802362,Minor,Foggy,Highway,12
25.203395546750784,83.54544223315914,Minor,Clear,Highway,3
28.20731996100754,76.83544014686976,Minor,Rainy,Highway,4
28.9655313582534,77.10522390599206,Serious,Foggy,Rural,9
20.5944617286128,86.13089673967517,Minor,Foggy,Highway,20
14.122679542068878,75.87230014381689,Minor,Rainy,Rural,4
23.67401563307487,86.30608501283147,Minor,Foggy,Rural,7
13.715488356038389,77.08669856027873,Serious,Rainy,Urban,17
29.290628055107007,77.53797503525983,Serious,Rainy,Urban,13
10.87144968304104,76.65452676444049,Minor,Rainy,Urban,18
17.0112063879957,77.5362180586362,Serious,Rainy,Rural,8
27.61543605640086,76.38787949298049,Minor,Clear,Urban,4
22.50302697831947,77.34413570657584,Serious,Rainy,Highway,19
11.336850417201134,77.04222288016773,Minor,Clear,Highway,16
22.478482992695213,74.41854801850175,Minor,Rainy,Highway,9
28.003120284082026,76.94109920355861,Serious,Clear,Urban,6
28.486269733793808,77.19344837239025,Minor,Rainy,Urban,5
11.122721655811105,76.8061123712942,Minor,Rainy,Urban,5
17.991817271380313,78.40916966951572,Serious,Clear,Rural,2
20.553887074373044,77.25804455726967,Minor,Foggy,Highway,8
27.92298918422139,76.62511781493146,Serious,Foggy,Urban,17
23.386575162806512,74.80349367120006,Minor,Clear,Urban,16
28.672841448929432,77.21439317623985,Serious,Clear,Urban,23
30.233430386771047,76.87944579509696,Fatal,Foggy,Highway,0
16.319489123474217,78.9148556249079,Fatal,Rainy,Highway,12
11.83564590832556,77.22519219757262,Minor,Foggy,Urban,11
29.883589097918744,76.97015717606942,Minor,Clear,Rural,23
24.556655045696296,84.71434164299902,Minor,Clear,Urban,17
20.857600584753776,72.76617705249478,Serious,Foggy,Urban,10
13.05956109549654,79.14037406584832,Fatal,Clear,Rural,14
27.40480923831156,76.62818131885561,Serious,Foggy,Highway,19
23.029389322036614,87.5616900148696,Minor,Clear,Rural,2
12.95509020743873,77.85107020349156,Serious,Rainy,Rural,9
13.045820640074414,78.87313086917128,Minor,Foggy,Urban,18
20.4121389786094,85.94683341472397,Minor,Clear,Urban,1
15.862709321976622,75.36926699002561,Minor,Clear,Urban,16
18.665274026469934,73.18749158855532,Serious,Foggy,Rural,15
19.70818586822149,74.77501780326256,Serious,Clear,Highway,0
13.067063383436487,79.56241499956025,Serious,Rainy,Highway,1
11.737440267855435,77.1733746883528,Serious,Rainy,Urban,1
29.333882861296253,77.5807445944271,Fatal,Clear,Rural,23
14.552996537192877,76.53922704837198,Fatal,Rainy,Urban,6
12.987882471307795,78.56893685130362,Fatal,Clear,Rural,14
19.683378513637635,77.3949483229842,Minor,Foggy,Urban,23
21.697400313282863,87.34423759747563,Fatal,Foggy,Highway,13
22.59970674366444,88.24565716444822,Serious,Foggy,Urban,1
17.209710457962494,78.10444289655877,Minor,Foggy,Highway,19
24.049515234670217,75.11694065260018,Serious,Foggy,Highway,18
18.706625339650582,73.55827872542798,Minor,Rainy,Highway,10
15.244149969364523,74.19682131397091,Serious,Rainy,Highway,19
18.64120212836613,73.63007209781534,Minor,Rainy,Highway,0
29.307180712502056,77.56798467443352,Minor,Rainy,Highway,16
11.3672771285735,77.06525496243371,Minor,Foggy,Highway,4
14.075003880999196,75.94844869306556,Minor,Foggy,Rural,10
18.560127268599626,73.28952351381893,Serious,Foggy,Highway,6
30.22025867026976,76.86452400053363,Minor,Foggy,Urban,11
13.915775764101738,76.23668122209565,Serious,Rainy,Rural,12
28.435726852491378,77.02482286776237,Minor,Foggy,Highway,13
27.51384891197167,76.27641939487643,Serious,Clear,Urban,7
20.711357303103817,77.8189754586927,Minor,Rainy,Urban,20
28.826622614184107,77.17020734573448,Fatal,Clear,Highway,20
12.563716785729811,77.4436951718626,Serious,Foggy,Urban,17
15.332323900843534,79.3295768421269,Fatal,Foggy,Rural,20
12.71138721144656,77.50573789139294,Minor,Foggy,Urban,9
16.97397963650444,78.6655054659375,Serious,Foggy,Highway,7
23.124837390831264,86.2213559961671,Minor,Rainy,Highway,23
18.496929167467876,73.30166963845622,Minor,Foggy,Rural,8
23.170272156827675,77.82953459137813,Minor,Rainy,Rural,4
23.092543041093965,86.194418651972,Serious,Rainy,Highway,23
15.178322030533003,76.12910633615076,Minor,Foggy,Rural,13
21.962211482149723,87.71667430681677,Minor,Foggy,Rural,6
26.836844500306672,76.4152601192379,Fatal,Foggy,Rural,2
12.161575821850308,77.26846220675954,Minor,Clear,Highway,22
17.26251743301767,78.22670199581172,Serious,Rainy,Urban,18
29.43190738335718,77.03572574000957,Minor,Clear,Urban,11
20.869793995342434,78.17419684735695,Serious,Foggy,Rural,1
29.453039002410293,77.03983706337026,Serious,Foggy,Urban,15
19.721352653898762,74.78399726416554,Minor,Foggy,Rural,14
15.794455573218817,74.5215925627425,Serious,Rainy,Highway,4
20.925690826534467,86.54078654020414,Minor,Rainy,Rural,2
22.673769872005202,88.06582357816478,Minor,Rainy,Highway,0
16.8874980884533,78.69694372919965,Minor,Rainy,Rural,21
11.888811878105352,77.09703518172512,Serious,Foggy,Rural,13
16.243298483253017,78.94900564709445,Minor,Rainy,Urban,12
20.99544041233193,73.72421345649501,Serious,Clear,Urban,19
21.735299131969008,72.66969794815917,Serious,Foggy,Urban,22
15.528864725135838,73.98829404477044,Serious,Clear,Rural,11
23.21860638230066,85.70806979665468,Minor,Rainy,Rural,23
15.132580385867845,76.1559014175658,Minor,Rainy,Rural,21
12.970057801146307,77.60396522455,Minor,Clear,Highway,1
30.11869029698995,76.92697176022718,Minor,Clear,Highway,16
14.37920851297239,75.46972144740397,Minor,Clear,Rural,22
17.096559100735032,74.82714446375911,Minor,Foggy,Urban,4
12.879402911984617,77.54551287863968,Serious,Foggy,Highway,19
16.761109903387148,76.9002101248333,Fatal,Rainy,Rural,8
22.705041920522927,87.78679748994925,Minor,Rainy,Urban,3
18.80819882939778,77.45932177842104,Minor,Rainy,Highway,17
15.55075719557414,73.91904864257735,Minor,Rainy,Highway,0
16.584892698016493,76.4311141523164,Minor,Clear,Highway,20
28.055594431080145,77.24133832540952,Minor,Rainy,Highway,11
29.539390016124422,77.00265452764732,Minor,Clear,Highway,18
19.069396453705433,72.90907481082851,Minor,Foggy,Highway,23
13.034794714907484,79.2293182996988,Minor,Foggy,Rural,6
23.013872874459686,86.5537730095825,Minor,Rainy,Rural,14
29.795286605793443,77.76030908569729,Serious,Clear,Highway,22
16.2139112937855,75.57312428706354,Minor,Clear,Highway,9
28.34186033323831,77.20021916345902,Minor,Foggy,Highway,4
22.512685480795486,88.24421382647911,Minor,Rainy,Urban,12
13.256782782068528,77.37521232464881,Minor,Rainy,Rural,16
13.177694667977102,77.33748055790963,Minor,Clear,Rural,3
10.46304837681718,76.48608372192885,Fatal,Foggy,Rural,7
19.295468704988902,73.51404958880715,Serious,Foggy,Highway,7
23.067598753566273,74.71787455251028,Minor,Clear,Rural,20
14.919750350058314,76.30088935743606,Minor,Clear,Rural,23
21.380693492541138,87.04803708231111,Minor,Clear,Highway,23
13.07726532270996,77.55043037750258,Serious,Clear,Highway,9
16.559450220186246,74.806223373135,Serious,Rainy,Highway,6
17.888684641644673,74.27119815644281,Minor,Rainy,Highway,6
15.300517805252872,75.77214656552005,Minor,Clear,Highway,9
14.34749922415661,76.52444069614515,Minor,Foggy,Urban,5
29.25575142497968,77.06196267452086,Minor,Rainy,Rural,0
13.020040593046861,79.09385796271611,Minor,Rainy,Rural,0
23.507354344203662,77.76042668810048,Serious,Clear,Rural,5
20.836398582441813,78.13673458379367,Minor,Clear,Urban,5
23.05892975311418,86.47274901677166,Minor,Clear,Rural,22
18.68103684588874,73.58144657475314,Minor,Foggy,Urban,5
12.105777949312714,77.33685853794128,Fatal,Foggy,Rural,6
11.220083281366911,77.04123458166968,Minor,Clear,Rural,2
22.83085785939062,74.56818455317108,Minor,Rainy,Highway,21
18.7809217912767,73.37053209707693,Minor,Foggy,Urban,12
29.512693106361667,77.62595536821104,Minor,Foggy,Urban,18
17.225368183808353,78.55726941950397,Minor,Clear,Urban,0
29.87370374690556,77.79371360501564,Minor,Foggy,Highway,15
27.98538637058374,77.23236779613639,Minor,Clear,Urban,4
20.758883276834098,86.3435374038027,Minor,Rainy,Urban,21
25.56414605074876,82.82622896500338,Minor,Clear,Rural,1
15.104033579814793,74.35453244827556,Minor,Foggy,Urban,19
22.623419893893928,88.17493406527836,Serious,Rainy,Rural,3
19.513592197851,73.07895479931076,Minor,Clear,Urban,12
22.500948430990352,88.28607888994985,Minor,Clear,Highway,5
23.13873480755698,86.18021470204513,Minor,Foggy,Rural,19
27.099321587796922,75.96015650784666,Minor,Foggy,Urban,9
22.707088767015204,77.3538875881968,Minor,Rainy,Urban,11
23.687921994574427,77.3173949268297,Minor,Clear,Highway,8
16.069118716886905,77.51782093328737,Serious,Clear,Highway,9
12.285184814883614,77.34128850887767,Serious,Rainy,Rural,17
24.757698995173236,84.29657213816934,Minor,Rainy,Highway,11
22.1965846927898,87.94607041247345,Fatal,Rainy,Urban,6
21.186249408638954,78.0627842977576,Serious,Rainy,Highway,11
21.95761042257304,87.68339995875424,Minor,Clear,Rural,2
19.035106991373656,72.87808719834089,Minor,Foggy,Urban,9
28.269500548157332,76.88176422737038,Minor,Rainy,Urban,8
17.41808641175012,78.45741059874996,Serious,Rainy,Rural,16
15.761333518417171,79.14461452975021,Serious,Foggy,Highway,0
18.949814249943394,73.0864724453955,Serious,Rainy,Rural,10
21.740177780473296,74.06289861587298,Serious,Foggy,Highway,3
17.1262697874907,74.79980392025435,Serious,Rainy,Highway,12
18.639123493728675,73.63581743250445,Minor,Rainy,Rural,3
21.183906172635695,77.398499956929,Minor,Clear,Rural,7
21.009558625174755,72.70147878305029,Minor,Clear,Rural,17
28.98354394400616,77.38800237810656,Serious,Clear,Urban,22
13.367787454472264,77.06095668436507,Minor,Foggy,Highway,18
28.167968864130305,77.25472257851614,Fatal,Foggy,Highway,23
19.09143945128908,72.92754247127603,Minor,Clear,Urban,21
19.025061407244536,72.91313745064214,Fatal,Clear,Highway,6
13.753350289583945,77.08333961216059,Fatal,Foggy,Highway,22
13.354328081387324,77.03025915563332,Minor,Rainy,Rural,0
28.707507239860515,77.16048547703434,Minor,Rainy,Urban,1
17.179947162928585,77.94689058867202,Serious,Foggy,Urban,5
19.846676248848418,78.19858646889448,Minor,Foggy,Urban,23
11.289416325262215,77.05556109279965,Minor,Clear,Highway,4
15.77646287833425,75.43012013956258,Serious,Rainy,Highway,10
30.214378352462397,77.99854952569406,Serious,Clear,Urban,7
22.927292619648238,77.82680857388924,Minor,Rainy,Rural,1
22.375773441080074,88.13157301981535,Serious,Clear,Rural,21
13.103791551386925,80.17358350866166,Minor,Rainy,Urban,7
29.289736465174457,77.54840066857945,Serious,Clear,Rural,9
25.74587473630834,75.90463285768318,Serious,Clear,Rural,3
13.240021350818546,77.40588473718134,Serious,Clear,Rural,0
28.051227121287006,76.75388519252576,Minor,Rainy,Highway,20
16.936581945782528,77.33526803531666,Minor,Rainy,Rural,16
22.1504729996078,87.86597795542028,Minor,Clear,Highway,15
15.716025351182136,74.39541866506923,Minor,Foggy,Highway,23
29.160171764243508,77.43468461989195,Minor,Clear,Rural,17
18.7285185658304,73.43918581753468,Serious,Rainy,Urban,10
10.856160654828546,76.68100452205952,Minor,Foggy,Rural,17
11.018366228666581,76.73191413946363,Minor,Foggy,Highway,10
22.055828808375605,87.76319719727849,Minor,Clear,Rural,9
19.185664809054664,73.17585244039044,Minor,Rainy,Urban,23
11.698509570665935,77.21821849038247,Minor,Foggy,Urban,4
19.85331236358424,75.32231599670568,Minor,Foggy,Highway,12
13.08271795885635,79.96965427546237,Minor,Foggy,Highway,17
10.090515817329502,76.32395321261437,Minor,Rainy,Highway,5
13.470878239968119,80.12122467920636,Minor,Foggy,Highway,19
10.542680025986316,76.5196994590422,Serious,Rainy,Highway,1
24.543718842102997,84.71917449357841,Fatal,Clear,Urban,10
19.46987279296639,74.02357824475348,Minor,Foggy,Rural,16
19.38438958862201,73.78102131212606,Fatal,Foggy,Highway,7
15.844531955096022,79.13312129215599,Minor,Foggy,Rural,8
23.020566380804045,86.57370504486238,Fatal,Rainy,Urban,23
11.705706236446389,77.18647884614933,Serious,Rainy,Rural,2
21.21850920615976,86.8605626897567,Minor,Clear,Urban,22
12.576476190778747,77.42125351690751,Minor,Foggy,Highway,18
22.100817171406902,87.81929117287434,Serious,Clear,Rural,8
16.310217090052582,75.92210843596192,Minor,Foggy,Urban,0
14.832117888799363,76.32347583478254,Minor,Clear,Rural,19
23.101953316919847,86.2439863432015,Serious,Clear,Rural,15
10.95094975344888,76.67902691576943,Fatal,Rainy,Highway,16
15.191515506113301,74.284550357372,Serious,Clear,Urban,10
16.381099106158835,78.91422510321489,Minor,Rainy,Highway,13
27.157342582743883,76.02129802072061,Fatal,Clear,Rural,19
26.907573622545154,80.32169768890432,Fatal,Clear,Urban,21
20.741108195068083,77.8493231208133,Serious,Rainy,Highway,13
27.64285806874941,76.37664570501072,Serious,Rainy,Highway,4
17.185817007692933,78.52905035653073,Minor,Rainy,Rural,12
13.599700414509135,80.06405982714507,Minor,Clear,Rural,8
27.83130697179139,78.59249067515883,Minor,Clear,Highway,17
27.55394791360209,79.16041262626152,Minor,Clear,Urban,5
30.297086507471946,76.8445008126087,Serious,Rainy,Rural,8
12.03357124259484,77.27862994203724,Minor,Foggy,Rural,4
20.332958834498957,72.76819067563332,Minor,Clear,Highway,14
25.938812715664508,82.13479894569517,Minor,Foggy,Urban,14
25.841691755010487,82.39745999823283,Minor,Clear,Highway,15
28.504977655050887,77.39680824390813,Serious,Rainy,Highway,1
21.126358273410773,86.73150425676181,Minor,Foggy,Urban,20
19.17190745741615,73.12469387857745,Minor,Rainy,Urban,3
18.690203779416542,73.5428427297413,Minor,Rainy,Highway,11
13.497683556233833,77.17711034629164,Serious,Clear,Highway,18
22.682328319211905,87.80875225255713,Serious,Foggy,Highway,4
19.793291489769345,72.82601909070232,Serious,Foggy,Urban,12
25.805251082212003,75.9117031403987,Serious,Foggy,Urban,6
21.075386834008846,78.06027608516327,Minor,Clear,Urban,8
22.948772167903233,86.8568328006057,Minor,Foggy,Highway,8
11.094134169275891,76.80206252573562,Serious,Foggy,Highway,7
15.065818486816621,75.93171989789386,Minor,Foggy,Urban,7
15.459226242364975,75.86373487510727,Serious,Clear,Urban,11
11.929951785651374,77.24009625354431,Serious,Clear,Rural,20
18.64453458224746,73.65105326451716,Minor,Foggy,Rural,21
15.279142410613046,76.03925226139081,Minor,Clear,Rural,0
19.194728875821212,73.29674880069047,Serious,Clear,Urban,8
22.491903250448992,88.25606803999442,Minor,Foggy,Rural,17
11.048008882294168,76.9976494971781,Minor,Clear,Highway,9
14.126350528086705,75.84167218891194,Minor,Clear,Rural,11
28.30567206127534,76.91053187679127,Minor,Clear,Highway,2
24.162332449155336,77.7067122558976,Minor,Foggy,Highway,22
16.28503380276343,75.8535416628075,Minor,Clear,Rural,10
10.575547903328586,76.53468008643758,Serious,Clear,Urban,4
20.066599998934265,75.76512547408718,Minor,Clear,Urban,0
29.953205215795556,77.85253963400196,Minor,Clear,Urban,12
14.11434073626985,76.70795936034494,Fatal,Foggy,Highway,2
16.687091792691017,75.07495481890255,Minor,Rainy,Rural,12
22.593822334485854,88.14821052275855,Minor,Rainy,Rural,12
15.123078873115128,77.53946732846231,Minor,Clear,Highway,9
17.705584985761032,73.92817441508721,Minor,Foggy,Rural,9
13.215567211502103,77.18437847516954,Serious,Clear,Urban,1
12.961744482274602,77.63934232228016,Minor,Clear,Highway,21
28.890618207331787,77.32802097929587,Minor,Clear,Urban,14
21.053299723928202,78.87175420347394,Minor,Rainy,Urban,6
30.09741497000456,76.86590068587569,Minor,Rainy,Rural,4
12.539281164927338,77.42911611456847,Minor,Clear,Highway,3
15.912765143757225,74.90475209675397,Minor,Clear,Highway,21
29.322868795258604,77.08420935320494,Minor,Rainy,Rural,9
12.68202361359869,77.47909026838464,Minor,Foggy,Urban,15
10.556381898411038,76.53337566752047,Minor,Rainy,Rural,10
28.620851902561434,77.20898512111066,Minor,Foggy,Highway,17
20.496948341618477,86.05594536154679,Minor,Rainy,Highway,18
27.28327515968356,79.61473420237833,Serious,Clear,Rural,15
22.67959612500892,88.11195697478196,Minor,Rainy,Rural,4
12.972585084363327,77.56300695785954,Serious,Foggy,Urban,2
26.679164672767637,77.42078787196837,Minor,Foggy,Highway,4
20.560772978645176,86.1081427383434,Minor,Clear,Urban,0
16.267529272358566,75.02008784968834,Minor,Clear,Urban,2
16.571189406956595,74.8079689686779,Minor,Foggy,Urban,11
20.302876639798416,85.85692167860931,Minor,Rainy,Urban,20
14.375576510704182,75.50977653800297,Minor,Clear,Rural,0
18.890541278180287,73.13381712320484,Minor,Foggy,Rural,2
27.013617832794782,77.37677812767589,Minor,Clear,Urban,23
14.693968887522352,76.28311199559444,Minor,Clear,Highway,17
16.722061067229184,75.09617991054378,Minor,Clear,Highway,3
26.775780540415518,80.57070777147803,Minor,Clear,Urban,16
28.588312985504377,77.22801832693965,Minor,Foggy,Highway,19
30.056618585263195,77.89612740933813,Minor,Clear,Rural,13
28.254546778064647,76.93572545685406,Minor,Foggy,Highway,23
29.388934217146552,77.04386683588389,Minor,Foggy,Rural,16
16.646697328477536,76.71105297265248,Minor,Rainy,Rural,10
15.937799147839279,77.5034773702806,Serious,Rainy,Highway,9
24.15779472132573,75.1896617584672,Minor,Rainy,Rural,21
18.79441353753204,73.33343666675974,Serious,Foggy,Urban,6
22.0448189627867,87.74493455564773,Minor,Foggy,Urban,1
29.561165937115717,76.97597724750723,Serious,Foggy,Highway,5
18.956356442386742,73.09631529301843,Minor,Rainy,Urban,18
18.788865053461254,73.3528320333737,Serious,Rainy,Highway,15
24.979430110773457,83.94219213827554,Minor,Rainy,Urban,8
18.753048751432335,73.37007128818371,Minor,Rainy,Rural,20
14.102737187300658,76.84411071164214,Serious,Foggy,Rural,11
21.782455702228063,87.48627876077262,Minor,Clear,Highway,18
30.034651407746498,76.89316450158856,Fatal,Rainy,Urban,23
30.042722506249607,76.92026803151073,Minor,Foggy,Highway,1
28.873348207982033,77.32946816186069,Minor,Foggy,Highway,5
23.199529446521108,85.83119518788463,Fatal,Foggy,Urban,12
14.237589383361527,75.69784458315691,Serious,Foggy,Urban,2
30.534649317549363,76.79015439338512,Serious,Foggy,Rural,9
13.005890293337796,78.24659763372968,Minor,Rainy,Highway,3
25.915998926600185,75.98223418293418,Minor,Rainy,Rural,3
17.35066392518986,78.45346443578067,Serious,Foggy,Highway,4
24.792087458420873,84.21244780320787,Serious,Foggy,Urban,10
20.610757176076238,73.60584059326811,Serious,Rainy,Urban,8
12.748230898143962,77.50524313479758,Serious,Rainy,Highway,21
19.30813502469261,72.84568252069094,Serious,Clear,Rural,17
22.840369318466838,87.39538077178902,Fatal,Rainy,Highway,9
22.688940461840577,87.851932313797,Serious,Rainy,Urban,13
20.58950982363285,77.4674412436005,Minor,Rainy,Rural,4
23.169741914689734,85.97148956851278,Minor,Foggy,Highway,8
21.238923713401036,72.73376336043978,Minor,Rainy,Highway,15
27.535339460191686,76.31117436587049,Serious,Rainy,Rural,3
11.788536316159545,77.22144959030875,Fatal,Clear,Urban,14
22.512941642811438,88.25875720181105,Minor,Rainy,Urban,15
20.18139845334721,76.20284475765415,Minor,Clear,Highway,8
29.58913403922793,77.67780088915595,Minor,Foggy,Rural,4
15.53991632096987,79.25173371254111,Serious,Rainy,Urban,20
20.67075275092346,72.72812367194402,Minor,Rainy,Rural,3
14.79029441296237,79.55852546482811,Serious,Foggy,Highway,10
17.694737652833346,77.47910860758975,Serious,Foggy,Rural,19
17.051878435606802,74.84773597273411,Serious,Foggy,Urban,17
14.530652635999738,75.3165618240571,Minor,Foggy,Rural,2
11.697660144174312,77.16056652284395,Fatal,Foggy,Urban,2
21.19692022861635,72.70452913086284,Fatal,Clear,Urban,3
22.764812574729888,87.60834520075252,Fatal,Foggy,Highway,0
25.905715069638685,82.21895199082162,Minor,Rainy,Rural,4
16.887392619452093,77.32380712959376,Minor,Rainy,Urban,15
21.29081488598252,86.94404893691735,Minor,Clear,Urban,16
17.947927596326554,73.73774136820923,Minor,Foggy,Urban,6
12.979088361900708,78.53186257932528,Minor,Clear,Highway,2
27.758508718961195,77.32505446078304,Serious,Rainy,Highway,0
20.63340033147781,73.5779302785708,Minor,Clear,Rural,15
21.679840558966422,72.65838810255168,Fatal,Foggy,Highway,23
20.984306513828752,78.04197465548917,Serious,Rainy,Highway,9
16.24492415443367,75.38558841772338,Minor,Rainy,Highway,23
29.858801461178242,77.8060462346982,Minor,Clear,Urban,7
27.265929446611644,77.33810870256512,Minor,Rainy,Highway,18
14.986337952620774,75.99184689594148,Minor,Foggy,Rural,14
29.005626679359885,77.1031583534999,Minor,Foggy,Highway,19
29.27744540686448,77.53087935002969,Serious,Rainy,Highway,1
29.385851571802082,77.03571694649042,Fatal,Rainy,Highway,17
19.955523978435767,75.44812666439206,Serious,Rainy,Rural,8
27.2644925710949,79.68134187345973,Minor,Clear,Urban,15
14.241837852568862,76.63259178746912,Fatal,Foggy,Urban,7
28.553951907049438,77.22495705289485,Fatal,Rainy,Urban,14
23.04206111463741,77.36763437860395,Minor,Foggy,Rural,19
29.58908135839278,77.64284615361673,Minor,Clear,Highway,7
27.80236891128199,76.85144936365776,Minor,Clear,Highway,16
16.98884633408004,77.51752884479252,Fatal,Foggy,Highway,13
29.4831124471835,77.01278394132588,Minor,Clear,Urban,20
30.5096328699811,76.8350120486877,Minor,Clear,Rural,9
18.28956194325154,74.00458864341434,Serious,Rainy,Rural,18
13.69917058322792,76.49610015451192,Fatal,Rainy,Rural,2
14.149796692564227,75.81428424301751,Minor,Rainy,Urban,1
15.520400584746103,79.24526782463673,Minor,Foggy,Highway,14
23.1293686548943,86.27119018036184,Serious,Foggy,Highway,1
12.971285090356242,77.67853059166069,Serious,Clear,Urban,2
20.511594431592172,86.07779068437434,Minor,Rainy,Rural,19
23.34038499483939,85.4021993982901,Serious,Clear,Urban,5
18.733512683289412,73.41757301267384,Fatal,Clear,Rural,17
18.78628037951816,73.40599001693624,Minor,Clear,Highway,19
13.02733202679472,78.85830721233457,Minor,Clear,Rural,8
10.783370603041945,76.62719094712237,Serious,Foggy,Urban,14
18.939297268347044,78.31746052686866,Minor,Clear,Highway,10
21.50012551733475,87.20408886169606,Serious,Foggy,Rural,2
30.16806543072519,77.98255224984125,Minor,Clear,Rural,20
13.125881779196105,77.49483948361198,Minor,Foggy,Urban,21
13.08804419402512,80.0557668960931,Minor,Foggy,Urban,18
19.088273758389068,72.87829996148679,Minor,Clear,Urban,6
25.588618312167743,82.74679447130103,Minor,Clear,Urban,9
29.173463957441232,77.50077948521741,Serious,Foggy,Rural,22
11.168303559199977,76.79535364697375,Minor,Foggy,Urban,15
16.35206033462702,76.00611331545278,Serious,Rainy,Rural,1
20.995112032956815,78.06246811755061,Fatal,Clear,Urban,23
12.339276690884661,77.29629725442943,Minor,Clear,Urban,16
20.564175177371816,73.5190025465796,Fatal,Clear,Urban,22
27.626793338903717,79.03299940632122,Minor,Clear,Rural,7
19.73309496432335,78.20741664914974,Serious,Clear,Urban,23
22.778103457503146,87.58371284467414,Serious,Clear,Highway,8
14.4534957002011,75.40432893853644,Minor,Foggy,Highway,6
20.838355971346274,78.16277152528372,Minor,Rainy,Urban,16
13.054985367947614,78.98849876182167,Minor,Foggy,Highway,20
18.670758462754925,73.62183246620442,Minor,Foggy,Rural,6
25.509957049959727,75.78187231650487,Serious,Foggy,Highway,0
16.29954650930526,78.9190331016045,Serious,Clear,Urban,10
17.16312549563552,77.46223267744887,Minor,Clear,Rural,11
18.076166090565447,73.65393939894155,Fatal,Foggy,Rural,3
22.863623160624755,72.6053673567882,Serious,Rainy,Urban,4
22.686822504323196,87.87602727345754,Fatal,Clear,Highway,4
19.952859266856755,78.19302690651891,Minor,Foggy,Highway,17
18.854115573263766,73.22196424964886,Minor,Foggy,Urban,13
20.50359443022806,73.54705126210294,Minor,Clear,Urban,14
18.95795562740004,73.04195867698088,Fatal,Foggy,Highway,17
27.230548079456543,76.04502819158459,Minor,Foggy,Rural,21
20.65024641058337,86.19769457043053,Serious,Clear,Urban,5
22.967360285426814,86.85842515573434,Minor,Foggy,Rural,17
15.710457301982206,74.37865029618209,Minor,Rainy,Highway,12
21.84096151753144,87.5362071349622,Minor,Foggy,Urban,2
21.20180715167496,72.689983385432,Fatal,Rainy,Highway,23
23.024027581370532,86.49217943593575,Serious,Rainy,Highway,3
29.035830687427836,77.10705170947554,Minor,Foggy,Urban,0
16.278844097520494,78.94256864468194,Minor,Foggy,Urban,9
13.910260812459265,76.95033042622407,Minor,Rainy,Rural,23
13.025333474068718,77.54911224368641,Serious,Clear,Rural,3
15.67770402908853,74.27080722051323,Minor,Foggy,Highway,2
17.372732455751237,78.42368485460938,Minor,Foggy,Highway,23
20.855113703734606,72.72139925476826,Minor,Rainy,Highway,11
19.156479141716414,72.8793096498865,Serious,Foggy,Rural,13
16.083501634051956,79.03299580857473,Minor,Foggy,Rural,13
23.86314061630154,75.04838809133219,Minor,Foggy,Rural,10
19.050905125600778,72.90461696631188,Fatal,Foggy,Urban,11
16.891443442214726,74.97653416244707,Serious,Foggy,Urban,2
11.13809410672203,76.76006924400468,Minor,Rainy,Highway,0
26.538191762909058,77.27928211620801,Serious,Rainy,Rural,17
27.525252227060715,79.19492479476526,Minor,Foggy,Urban,0
30.30550167323445,78.00284257833069,Minor,Clear,Highway,6
19.029437548289813,72.91076106360502,Fatal,Rainy,Highway,3
23.24152440708007,74.77360899310604,Serious,Foggy,Urban,6
22.599619696937175,77.32962803283367,Minor,Foggy,Urban,20
30.423989562790805,76.83087267802398,Minor,Foggy,Urban,15
13.023786895297526,78.65344400843968,Serious,Rainy,Highway,5
12.834437926181641,77.51102617529898,Serious,Foggy,Highway,10
28.63554686231113,77.19532905224135,Serious,Clear,Rural,12
12.036456902208705,77.26603300914552,Minor,Foggy,Urban,0
12.715166896209999,77.48049309676983,Fatal,Rainy,Urban,11
13.045703031202613,80.11924791936687,Serious,Foggy,Highway,14
17.887092518971404,73.7864671395375,Serious,Foggy,Rural,11
12.947413425532307,77.67041949776095,Serious,Rainy,Highway,11
17.122448408469666,74.78905034906866,Minor,Clear,Rural,4
18.821244884213275,73.33034173440883,Serious,Rainy,Highway,12
28.91220338070547,77.140018525015,Fatal,Rainy,Urban,4
15.947720031395292,74.93107976775232,Minor,Rainy,Urban,0
16.784355427201156,77.02079191216235,Minor,Foggy,Highway,4
24.089346615465875,75.16217612752853,Minor,Clear,Urban,0
15.71800802249687,75.7543812801754,Minor,Foggy,Rural,18
14.181531099300157,76.79731545821532,Minor,Foggy,Urban,0
15.87297104337188,79.11167060909139,Minor,Foggy,Highway,14
20.343195017813187,73.42026384926793,Fatal,Clear,Urban,23
25.33464294631552,75.74491397274687,Minor,Foggy,Urban,19
22.734908658736696,87.62884806686989,Minor,Rainy,Rural,4
25.525867068521457,77.56308150814294,Serious,Rainy,Highway,11
20.057293045613143,78.14498439621637,Fatal,Clear,Highway,22
27.14679633999462,77.35305198076418,Minor,Clear,Rural,13
29.55518443603323,77.03583293823537,Minor,Clear,Highway,11
19.76819794912694,73.16876617003162,Minor,Clear,Rural,21
13.971907701157706,76.77474587831497,Minor,Clear,Highway,10
19.77369429641198,74.9040510955839,Serious,Clear,Rural,7
27.955121237941118,76.92029210532333,Serious,Foggy,Rural,18
27.285988975601715,76.10316643455667,Serious,Clear,Rural,16
15.82709357592561,74.56953850510936,Serious,Clear,Rural,18
22.55058717794413,77.89239861304426,Serious,Clear,Highway,6
22.6426420078724,88.12154479115797,Minor,Rainy,Urban,11
13.067396324999379,79.43411176383545,Minor,Rainy,Urban,12
18.630407531503177,73.62428798343653,Minor,Rainy,Rural,10
15.637378482725211,77.52808757881397,Minor,Clear,Rural,14
20.008842617927492,75.62701676830176,Serious,Rainy,Rural,4
24.96724295881939,77.28002545703579,Serious,Clear,Urban,20
16.913939800580476,74.56690550059346,Minor,Rainy,Urban,21
21.002177760539677,78.64899021051828,Serious,Clear,Urban,22
20.30508188207646,73.45602457432733,Serious,Foggy,Highway,16
28.977678259459854,77.37646133606782,Serious,Clear,Urban,9
29.668190811470307,77.72083595662785,Minor,Foggy,Rural,0
16.26588850062452,78.92582034765994,Fatal,Rainy,Urban,13
29.650243679624097,77.71260677450734,Serious,Clear,Urban,22
30.14521530255925,76.88302415428093,Minor,Clear,Rural,8
16.940502955342097,74.94810239236728,Minor,Clear,Rural,18
18.90320864467286,78.29479118391947,Serious,Foggy,Highway,22
23.764104710593625,74.99659912948343,Fatal,Foggy,Urban,14
27.780879684141834,76.4972677763522,Minor,Foggy,Rural,10
18.869267126331227,73.25133886093512,Minor,Foggy,Urban,7
30.048267198147386,76.9087345738007,Minor,Rainy,Highway,3
13.372697017216478,76.99778149794803,Minor,Clear,Rural,8
20.64900942462383,86.1882876270876,Serious,Rainy,Highway,18
17.038446239761054,74.3988394472305,Minor,Clear,Urban,21
25.466848919073488,82.9720492969583,Fatal,Foggy,Urban,5
24.131136776391475,77.69151643467174,Minor,Clear,Highway,17
23.15928738195477,86.10285957025928,Fatal,Rainy,Highway,12
27.235298248769674,76.05415034266828,Serious,Rainy,Rural,8
27.13416516726553,79.92491755271516,Serious,Foggy,Rural,3
18.09364151713983,77.45557600946799,Serious,Rainy,Highway,12
12.588162626886973,77.44259373507457,Serious,Clear,Rural,19
15.258368834935073,79.34679932795412,Minor,Rainy,Urban,1
20.582910841512764,77.32781162081298,Serious,Rainy,Highway,6
12.120198680404153,77.33866295971613,Minor,Rainy,Rural,1
14.658076683846664,75.04596576919045,Minor,Foggy,Highway,20
11.669427779374905,77.00528991192006,Minor,Rainy,Urban,21
18.92593503774496,73.15669154427107,Minor,Clear,Rural,13
18.701493941223987,78.3422822252603,Serious,Rainy,Highway,2
13.069217120428668,77.6109095076049,Minor,Foggy,Highway,22
23.010298326583598,86.57003580438372,Minor,Foggy,Rural,1
26.813816160342405,80.47192617801562,Serious,Clear,Urban,5
13.866007326324452,76.2779772711187,Minor,Clear,Rural,15
28.607906507625778,77.18333161040213,Fatal,Clear,Rural,17
13.278410434784028,77.18006346156434,Minor,Foggy,Highway,16
22.840117232744667,87.81128315328432,Minor,Foggy,Rural,0
23.10728346182754,86.30353372061077,Minor,Clear,Urban,7
19.131360796928394,77.45714641953933,Serious,Foggy,Rural,13
21.676738654793827,87.3300115915046,Serious,Rainy,Highway,14
20.917321494668865,78.3723921465708,Minor,Foggy,Rural,6
25.725988848796657,82.52769647075617,Fatal,Foggy,Urban,12
14.842472828305548,76.29912896380733,Minor,Clear,Rural,5
22.845892990622023,77.35862321024831,Minor,Rainy,Urban,2
24.049300731826893,85.60459928091902,Minor,Rainy,Urban,8
13.037890342652982,79.23992185472176,Fatal,Foggy,Rural,6
23.03223212097859,86.58731097270865,Minor,Foggy,Rural,22
18.76447165513744,73.42734257734122,Serious,Clear,Highway,16
25.74272212038018,75.8837276093661,Minor,Clear,Highway,22
22.9285872714565,86.9697592050026,Minor,Clear,Rural,22
13.082866805029887,80.11391793832438,Minor,Rainy,Highway,15
18.974027027381123,73.0656621748224,Minor,Rainy,Urban,17
26.975647195492108,75.80189991902495,Fatal,Rainy,Highway,18
19.94816796286772,78.17945536132979,Minor,Foggy,Rural,9
16.86734957508339,78.66726074233803,Minor,Foggy,Rural,6
30.027912159643915,77.9121842030967,Minor,Foggy,Urban,4
27.670337415224598,76.45676384499684,Minor,Rainy,Highway,7
15.356240096101054,79.31843594811079,Fatal,Clear,Rural,9
29.204537852890716,77.05279616835766,Serious,Rainy,Highway,7
28.73422977988317,77.26145275625692,Fatal,Clear,Urban,9
18.662508114795408,73.56832816340959,Minor,Foggy,Urban,12
12.96424719115215,77.93627270079598,Minor,Rainy,Highway,18
27.31241985753713,76.11871377332419,Fatal,Clear,Urban,17
16.05067919780111,75.26628546505624,Minor,Clear,Highway,20
11.544085182154877,76.93413149402392,Minor,Foggy,Urban,12
16.320904810910008,75.31621749147027,Minor,Rainy,Urban,2
13.909465888032223,76.94132536779392,Fatal,Rainy,Urban,8
23.08557043346633,86.33040382234418,Minor,Clear,Rural,19
29.557487891078623,76.99423930332874,Serious,Foggy,Highway,14
21.104331249532926,86.72680108109192,Minor,Foggy,Rural,1
17.307891152147043,74.6442715016739,Serious,Foggy,Urban,10
21.704910704392816,77.35229961648398,Minor,Rainy,Urban,17
12.125086795645132,77.32721091642908,Serious,Foggy,Rural,15
29.564822059399916,77.00873122724038,Minor,Clear,Highway,10
21.077145498734144,78.90334764385923,Minor,Rainy,Rural,23
28.188837434526842,76.80834759878532,Minor,Clear,Highway,19
29.516370892374255,76.99702774098544,Minor,Clear,Urban,8
11.462779001918276,76.92064346749783,Fatal,Foggy,Rural,22
16.400558668797167,76.11182428976876,Minor,Clear,Urban,19
28.273776422692542,77.20117393526412,Serious,Rainy,Highway,2
13.284371162526341,77.10251111397483,Serious,Rainy,Rural,5
11.883021092846256,77.20801817622052,Minor,Rainy,Rural,10
29.74088278067874,76.97878232229672,Minor,Rainy,Urban,2
11.314346692033718,77.05497239716249,Fatal,Rainy,Urban,10
26.487571177289055,77.45252900511936,Minor,Rainy,Rural,1
15.475261167013118,73.87154294820677,Serious,Rainy,Highway,4
20.864527137410754,77.39847093069896,Minor,Foggy,Highway,5
18.551177689556813,78.37360543310142,Minor,Clear,Urban,20
20.493255045245835,72.77050981710123,Minor,Foggy,Urban,22
24.528292331288657,77.65794367534419,Serious,Foggy,Rural,18
17.15231222874193,77.95557292879532,Minor,Rainy,Urban,9
12.60507792016206,77.4729256808207,Minor,Clear,Highway,8
10.642968244985893,76.57481224258417,Fatal,Clear,Highway,21
21.446721987248715,87.10394587768752,Minor,Clear,Rural,10
28.90178193956349,77.13450126992424,Minor,Foggy,Highway,11
13.95018403409449,77.55614271159703,Minor,Clear,Highway,15
22.2897577328878,88.0683629896151,Minor,Clear,Urban,12
17.098720002144056,78.59062465332026,Fatal,Foggy,Highway,15
10.748826592088086,76.65163409785963,Minor,Clear,Urban,12
19.07731459251082,72.88623168134248,Fatal,Clear,Urban,22
15.526390730989721,79.23068977980077,Serious,Clear,Rural,17
26.666630752379255,80.80242193095016,Serious,Foggy,Highway,16
30.536583968280294,76.81047095525983,Serious,Clear,Rural,2
22.079032040793177,87.8558817823151,Minor,Foggy,Rural,19
18.194794447640156,74.04330706622704,Minor,Rainy,Rural,2
22.784228778653333,72.62033801670697,Serious,Foggy,Rural,5
20.179644265116284,73.35557745920967,Minor,Clear,Highway,21
20.47535602240658,77.0426291210723,Serious,Foggy,Rural,10
18.66846655682898,73.20164747719747,Serious,Foggy,Urban,23
11.248296328715611,76.82936828373441,Minor,Clear,Urban,4
16.949390491831156,74.48161029331298,Minor,Clear,Urban,22
13.007770754613038,78.77587547856011,Minor,Clear,Highway,13
18.511024334315394,73.82863216083673,Minor,Clear,Urban,16
15.811954117797278,74.53471593365317,Minor,Foggy,Rural,15
24.749943873118017,75.47465547609434,Minor,Foggy,Urban,11
30.570451709327635,76.8183104509206,Fatal,Foggy,Rural,1
13.064988186465236,79.54065997645208,Minor,Clear,Rural,17
14.440539541196427,79.70505718604825,Minor,Foggy,Highway,22
22.37942598037002,88.1136493074199,Minor,Clear,Rural,8
28.406787946506515,77.21510053583418,Serious,Clear,Rural,23
11.527143323159724,76.94610482354663,Serious,Rainy,Highway,10
20.28407677231217,78.14264732489933,Serious,Rainy,Urban,4
13.385481741691768,80.1382177577404,Minor,Clear,Urban,20
25.78233385505948,77.28912142949513,Serious,Rainy,Highway,20
20.679951556046777,86.28992994270676,Serious,Rainy,Urban,10
13.006221644495197,77.92947534996071,Serious,Foggy,Rural,3
24.019616694234013,85.66046997436257,Minor,Rainy,Urban,11
11.725367219283788,77.18066862575535,Minor,Foggy,Urban,10
13.975823235712712,77.56639053314086,Minor,Foggy,Highway,2
23.175425341558977,86.06446512494364,Minor,Rainy,Rural,22
12.265597498719146,77.36084742418633,Minor,Clear,Urban,7
23.650917588215187,77.73731731658965,Minor,Rainy,Urban,21
30.268461293779644,76.85945635301098,Minor,Rainy,Highway,2
18.869499980484576,73.18231070423515,Minor,Clear,Rural,6
13.786790631667412,79.95038650993413,Minor,Rainy,Highway,1
15.123742518676703,76.13995441797593,Serious,Rainy,Highway,17
23.00826890723707,86.71830138546505,Minor,Rainy,Urban,15
29.887779317150123,77.85114790713808,Fatal,Foggy,Urban,6
12.992624187644642,78.13884518736715,Fatal,Clear,Rural,21
22.898673624670373,86.99221670524469,Fatal,Foggy,Highway,10
22.918279104733575,87.04904418566927,Minor,Rainy,Urban,6
14.199687776410789,79.78862148937449,Minor,Foggy,Rural,7
17.294865379577608,74.69940963579396,Serious,Clear,Urban,0
11.221907224351149,76.82321374578024,Minor,Rainy,Highway,11
13.039963221627506,79.63876233568575,Serious,Clear,Urban,0
25.576925893447374,82.76884991044082,Fatal,Foggy,Urban,21
23.339064540153522,77.77762733825483,Serious,Rainy,Rural,15
23.593439814012296,77.74632417152266,Minor,Foggy,Highway,6
23.025143692125642,86.62419785585647,Minor,Rainy,Highway,13
23.06096408698615,86.4698893460284,Minor,Rainy,Rural,0
12.988060539232942,78.23806302124942,Minor,Clear,Highway,17
15.454873591556831,79.27507894462856,Minor,Rainy,Urban,11
20.710915125314177,77.79100662038589,Serious,Clear,Urban,19
13.924349695880643,79.90723500971558,Minor,Clear,Highway,4
25.615522298033245,82.76527609849023,Fatal,Clear,Urban,15
11.142371995875497,76.98167308883207,Serious,Clear,Highway,20
14.780230140618926,74.86357790273826,Minor,Rainy,Urban,20
22.79039467898717,87.40689904858361,Serious,Clear,Rural,7
16.699873078991192,74.71212755948925,Fatal,Clear,Rural,0
27.867850284333127,76.6101869280205,Minor,Clear,Highway,15
16.53254523500549,75.17957179146599,Serious,Foggy,Rural,21
30.05574027545287,76.882140557222,Minor,Clear,Urban,13
14.257994666025354,79.7498037729437,Minor,Foggy,Urban,6
29.85038339628168,77.80078202171077,Minor,Foggy,Urban,21
14.679289033111884,75.05199341482869,Serious,Foggy,Urban,10
13.030025569309538,79.60457148100214,Minor,Rainy,Urban,8
20.295210539931993,85.8172381304308,Minor,Rainy,Highway,23
11.01667611477267,76.74893589651082,Minor,Rainy,Urban,2
20.210995667361583,72.77074277064051,Minor,Rainy,Rural,15
15.317669196912902,79.32874511738524,Minor,Clear,Rural,6
13.341840379947206,77.04051459350592,Serious,Clear,Highway,3
30.436204128828862,76.803389090268,Serious,Clear,Rural,21
24.04521858918884,75.10093352112246,Serious,Rainy,Highway,10
17.526801555147657,78.45803840936263,Fatal,Clear,Highway,9
21.128464977036998,79.06271335743756,Minor,Rainy,Rural,2
28.642057835498335,77.19763798739415,Minor,Rainy,Rural,11
16.473330814479606,76.16587108756421,Minor,Rainy,Rural,4
18.97186157894439,78.30873436826005,Minor,Foggy,Urban,15
27.012146128989748,80.13362902779119,Minor,Clear,Highway,18
18.686678226753948,73.63007100275436,Minor,Rainy,Highway,10
19.238679220253825,72.8488803253429,Minor,Rainy,Urban,14
16.377963114566597,75.30921167234104,Minor,Clear,Rural,15
21.966418208587232,87.67953088736206,Minor,Rainy,Urban,19
21.005897559043312,86.56378973500468,Minor,Foggy,Urban,1
27.37372517487195,76.20033623502101,Minor,Foggy,Highway,15
25.840933829138013,75.93685375294814,Minor,Foggy,Highway,10
13.136205349187899,77.47277829356993,Serious,Clear,Highway,18
18.843796736123426,73.24843933128402,Minor,Rainy,Highway,15
20.817569747638924,86.3848340291284,Fatal,Rainy,Highway,22
22.625023552062576,88.20053565380388,Minor,Foggy,Urban,18
29.503947339031374,77.64004016741124,Minor,Rainy,Urban,16
28.883419255271306,77.3507899063094,Serious,Rainy,Urban,18
29.931646990353798,77.86360654750683,Serious,Foggy,Rural,6
24.29188413350761,85.15994782101573,Minor,Rainy,Urban,3
13.28001365255143,77.08840685304783,Minor,Rainy,Highway,5
25.527222162514743,75.81188850410493,Fatal,Clear,Urban,4
18.177183453448976,74.09503239558623,Serious,Rainy,Rural,19
24.834518576722736,77.31772151805865,Minor,Clear,Urban,3
16.460124240879676,76.26080344233608,Minor,Foggy,Rural,16
19.003589366064816,72.9926396901691,Minor,Rainy,Rural,0
11.625021886743955,77.16685615582263,Minor,Rainy,Highway,9
23.09976934113473,86.30615433665201,Serious,Clear,Highway,17
30.03646509978865,77.86533192618214,Minor,Clear,Rural,13
13.21290168997967,77.17819575628486,Fatal,Clear,Highway,2
22.449283578258928,72.60912580268192,Minor,Foggy,Rural,8
24.739010033101533,77.27441542390326,Minor,Clear,Urban,2
11.782990916171642,77.07952090075247,Minor,Rainy,Rural,6
19.433783434635174,73.87957637607276,Minor,Clear,Urban,1
12.26233503916349,77.36396870340558,Fatal,Foggy,Urban,15
12.921988602159482,77.55269309035269,Serious,Rainy,Urban,6
30.319316243076166,78.02361682009368,Serious,Foggy,Rural,5
12.956440684221702,77.96942483779182,Fatal,Foggy,Rural,21
23.023910410261397,86.50252429479127,Fatal,Rainy,Highway,3
29.67574886516811,77.72924953182842,Minor,Clear,Highway,12
22.493873735049533,77.3528308217566,Minor,Foggy,Urban,13
17.663673913979565,73.9904708267344,Minor,Rainy,Rural,6
29.62336597565742,76.99559223440959,Minor,Rainy,Rural,0
16.42394723743736,78.86349271638845,Fatal,Foggy,Highway,17
19.009952853701023,73.00028329959933,Serious,Rainy,Highway,5
18.67408262636896,73.60500370756277,Serious,Foggy,Highway,5
19.973896125353868,73.27678892241009,Minor,Rainy,Rural,21
11.316158858920689,76.88214429803448,Minor,Foggy,Urban,14
20.430069803324752,76.84021994085231,Minor,Clear,Highway,3
30.097390509688505,76.87313769363594,Minor,Foggy,Rural,20
25.426725348343176,75.76986199314008,Minor,Rainy,Rural,11
15.986150039251413,74.98983084648548,Serious,Rainy,Highway,18
29.498828559873335,77.62651857261864,Minor,Foggy,Urban,18
14.835873605080222,76.35719529894665,Minor,Foggy,Urban,22
29.782027873805752,76.95510912010418,Serious,Rainy,Rural,13
13.383445105113651,76.98759653874208,Minor,Rainy,Rural,10
18.832445043894914,73.25209969886635,Minor,Clear,Rural,21
16.33462010597491,75.92157930556442,Minor,Clear,Rural,0
11.565611031818074,77.15272090695743,Serious,Rainy,Urban,2
18.93986897887159,73.03775591819982,Minor,Foggy,Highway,13
21.04307566973791,78.70354539205461,Minor,Foggy,Rural,18
11.590565186072787,77.16543528834407,Serious,Foggy,Urban,23
28.3575202492161,77.08693579109344,Minor,Foggy,Urban,9
18.893160615691695,73.14180398323013,Serious,Rainy,Rural,4
15.550352075996638,75.59055779022252,Minor,Clear,Urban,2
14.310206928740001,79.78793277160656,Minor,Rainy,Rural,19
27.788054076166404,78.68000545779378,Minor,Foggy,Rural,11
19.481052447807908,72.84437536670501,Minor,Rainy,Highway,13
12.29433477752019,77.31525892228004,Minor,Rainy,Highway,23
13.011238105810587,78.53473357100971,Minor,Foggy,Urban,5
19.485241103412797,72.83017737344773,Serious,Rainy,Rural,5
15.022565299472085,74.50725246682372,Minor,Clear,Urban,12
19.376113531159174,73.88492381623067,Fatal,Rainy,Rural,17
19.122659470914826,72.90636620356308,Serious,Foggy,Urban,12
22.476217881222695,72.61259225394139,Serious,Foggy,Highway,11
13.035108936346964,79.8755144048199,Fatal,Foggy,Rural,12
24.777311524668633,77.66344729312179,Serious,Rainy,Highway,0
28.384976463248936,77.69943075054013,Minor,Clear,Rural,20
11.189917947395045,76.80767982330426,Fatal,Clear,Highway,19
20.806897550743177,72.72967305650661,Minor,Clear,Highway,11
22.687450305383287,72.62479819943957,Minor,Rainy,Highway,18
12.355468051380123,77.38529091268897,Minor,Rainy,Highway,14
20.911480703407126,72.7068672230849,Serious,Clear,Rural,20
10.990269948636413,76.69532765400778,Minor,Clear,Highway,11
26.037528800516583,77.24430035418062,Minor,Rainy,Urban,14
29.04490649942179,77.40774501295974,Serious,Foggy,Rural,7
21.3563800079639,72.70315803292196,Serious,Rainy,Rural,22
27.85160847359329,77.31018565863907,Fatal,Foggy,Highway,1
25.605847406141695,82.72569581178611,Minor,Clear,Urban,11
18.831935245429456,73.22651902918298,Minor,Foggy,Urban,17
20.461506393926097,76.98739814867916,Minor,Foggy,Urban,15
22.69144447716805,72.61159714647395,Minor,Clear,Rural,13
13.607222701588773,77.19893032555186,Serious,Clear,Rural,13
21.8876321760204,87.62027369113011,Minor,Clear,Highway,15
15.536698731332535,77.53259687407915,Minor,Clear,Rural,2
22.83627362296169,87.3353816620749,Serious,Rainy,Highway,17
17.372449581824192,74.65209277036512,Minor,Foggy,Rural,15
19.526517766440456,74.259775692332,Fatal,Foggy,Rural,22
27.233309988807513,76.04884909867855,Serious,Rainy,Urban,0
11.98459913692261,77.14855504786163,Minor,Clear,Highway,3
18.614972544178578,73.67371013680979,Fatal,Rainy,Highway,19
18.660473514271292,73.610224816194,Minor,Rainy,Highway,10
13.470741861521285,80.08717792079158,Minor,Clear,Rural,10
30.325247178266874,76.87591227784405,Minor,Foggy,Urban,0
29.999851889454742,77.87036749111007,Minor,Rainy,Rural,16
22.218225438149126,72.64179269308681,Minor,Rainy,Rural,22
12.523754135101015,77.43347040857199,Minor,Rainy,Rural,1
17.08473315085338,74.41327411821625,Minor,Foggy,Urban,8
26.655936264095416,77.22497987289422,Serious,Rainy,Highway,20
26.623217168129468,80.91251165171441,Serious,Clear,Highway,21
21.17421353172022,86.81373770896298,Minor,Foggy,Rural,3
27.292507964907568,79.58768506256678,Serious,Rainy,Urban,10
13.051701145856287,79.16272571010738,Minor,Foggy,Rural,6
27.704391153862527,78.89570574870092,Minor,Foggy,Urban,14
29.843554011592207,76.9502347820173,Minor,Clear,Urban,17
19.60871221911068,72.82649763822576,Serious,Clear,Rural,15
21.221252667317895,72.69652684517557,Minor,Rainy,Rural,17
13.32261485684746,77.06419391032948,Serious,Foggy,Rural,2
16.933675566727725,77.36080238106929,Minor,Foggy,Rural,9
27.26077973170718,76.09829786240742,Serious,Clear,Rural,6
20.87382068402899,86.44103773335291,Minor,Foggy,Urban,19
26.754556435736344,76.37646928033553,Minor,Clear,Highway,17
21.140658710976997,72.71694832133151,Minor,Clear,Rural,13
13.005933464510482,77.97177118894531,Minor,Foggy,Urban,2
20.416994549234644,85.94400396360409,Minor,Foggy,Urban,17
18.514308162656327,78.34722402833911,Minor,Rainy,Highway,0
20.073226558313245,75.93533048273785,Fatal,Foggy,Urban,10
28.18083973173363,76.82040627863775,Serious,Clear,Urban,14
27.85284179153932,76.58370560557455,Minor,Clear,Rural,21
26.740400742745834,77.40309770075967,Serious,Rainy,Urban,3
13.001131495695388,78.84452961701551,Minor,Clear,Highway,4
21.863990063131794,77.3519516803055,Serious,Clear,Highway,9
12.239422122229772,77.32737751594048,Minor,Foggy,Urban,0
12.986858908374579,78.35121437361047,Minor,Rainy,Rural,12
27.7192777677859,76.42161214774991,Minor,Clear,Urban,1
19.03920896744604,72.88533084764829,Minor,Rainy,Urban,4
17.181772395491805,77.95987552424597,Minor,Foggy,Urban,6
13.021850012648036,79.21676571525029,Serious,Rainy,Highway,12
11.792392981466984,77.23278257636947,Minor,Clear,Urban,8
27.987863079558036,76.69377859937306,Serious,Foggy,Highway,17
13.661836297864935,77.11196094289997,Minor,Foggy,Rural,14
20.159469578838564,73.37722501545855,Serious,Foggy,Rural,6
23.254378205848102,85.65230544994466,Fatal,Foggy,Rural,0
23.99306551403505,75.13119577158115,Serious,Rainy,Urban,13
12.404354185290103,77.33350586609869,Minor,Clear,Highway,17
16.924861352376052,74.50264736358642,Minor,Foggy,Highway,16
12.955185685219892,77.72865551302266,Serious,Foggy,Highway,13
21.257820279509808,86.94853686160485,Minor,Foggy,Urban,10
16.80413829121353,78.74231652685779,Serious,Foggy,Rural,2
13.599866415411844,76.67740279102851,Serious,Clear,Rural,12
21.569828897630615,72.65752646201173,Minor,Foggy,Urban,18
20.931497802266534,86.53302236584746,Minor,Rainy,Rural,23
16.8287219439083,77.51382424809734,Serious,Clear,Rural,19
20.76296367199731,72.72106626956668,Minor,Clear,Highway,3
22.907679331411508,74.60817859433413,Minor,Rainy,Rural,1
28.68596643675867,77.26270199112726,Minor,Clear,Highway,14
27.024709337266277,76.47579435986013,Minor,Rainy,Urban,8
23.001900191187094,72.55758529727507,Minor,Rainy,Urban,8
29.738704246607966,76.97067690144246,Serious,Clear,Urban,5
18.88564874634756,78.30458837376587,Minor,Foggy,Highway,22
22.523692878451598,88.32692422878507,Serious,Foggy,Urban,5
17.053057755682794,77.64967791882624,Minor,Foggy,Urban,6
13.266139919196519,77.15580398670075,Minor,Clear,Rural,16
14.703196907723155,74.95597733194084,Minor,Foggy,Urban,10
19.077709021468443,72.87411755731202,Minor,Foggy,Highway,15
14.001730039182904,76.06092183648073,Serious,Foggy,Urban,20
22.663109895230992,87.95306881035008,Minor,Clear,Urban,19
27.930630862298656,76.67089088373211,Serious,Clear,Rural,17
24.879753741264075,84.0865959554588,Serious,Rainy,Highway,21
14.97379789294767,76.24014440939784,Fatal,Foggy,Urban,23
23.109772429372875,86.21834832189941,Minor,Rainy,Urban,12
16.315034832040013,74.99003202294176,Minor,Foggy,Rural,17
29.910422778422895,76.91327630127435,Minor,Rainy,Urban,22
13.22298475776947,77.14611493097591,Serious,Foggy,Urban,9
20.047882768899573,72.79042878118821,Minor,Foggy,Highway,2
28.05254256075372,78.21602489629201,Minor,Foggy,Rural,13
28.377880960140594,76.99731641049554,Minor,Foggy,Rural,23
19.17243293312819,73.26124648444144,Fatal,Rainy,Urban,0
23.10589225650167,86.2320395117652,Minor,Rainy,Highway,23
19.029922705163386,73.01274870764865,Serious,Clear,Highway,9
28.41130762196369,77.04340401526035,Serious,Clear,Urban,9
11.751393273114553,77.17409373563574,Serious,Foggy,Rural,9
20.636143029218303,77.41466920699483,Minor,Clear,Highway,9
10.493695632739172,76.49608520492426,Serious,Foggy,Urban,1
20.97479961740098,86.59696842097865,Fatal,Rainy,Highway,19
13.102835981417442,80.120897951682,Minor,Rainy,Highway,17
17.235126068456875,78.08013149952437,Minor,Clear,Rural,1
19.030211932213966,72.92113146618664,Serious,Rainy,Highway,14
16.72450195636865,75.06181623107706,Serious,Clear,Urban,2
10.084371709654983,76.3100316943176,Minor,Rainy,Rural,18
11.102897122286777,76.99351309974602,Serious,Rainy,Rural,7
21.198232567108874,86.8316030673873,Serious,Clear,Rural,5
18.71569357674405,73.53557689875925,Fatal,Rainy,Urban,9
18.179418257114982,78.39685515338498,Minor,Clear,Highway,1
12.024181368270744,77.20672526660894,Fatal,Clear,Highway,19
22.191469211856063,87.94390821661264,Minor,Foggy,Urban,1
13.096512222452233,80.08980801035855,Fatal,Clear,Rural,7
18.95852417055871,73.08183336511325,Minor,Foggy,Urban,9
16.024000594933117,75.10419154077806,Serious,Rainy,Highway,11
12.316937472645398,77.36596897764946,Minor,Rainy,Rural,13
15.83262407299847,74.7102067838632,Fatal,Rainy,Highway,14
22.10572691998978,72.63758396092007,Minor,Foggy,Highway,0
